DROP TABLE Champion;
DROP TABLE Skill;
DROP TABLE BattleRite;
DROP TABLE Effect;

CREATE TABLE Champion(
	ChampionName 	VARCHAR (50) PRIMARY KEY,
	ChampionBio		VARCHAR (2500),
	Image			VARCHAR (200),
	ChampionType	VARCHAR (20)
);

CREATE TABLE Skill(
	SkillName 		VARCHAR (50) PRIMARY KEY,
	ChampionName 	VARCHAR (50),
	Keybinding 		VARCHAR (30),
	Description 	VARCHAR (500),
	EnergyGain		INTEGER (2),
	Cooldown		DECIMAL (4,2),
	EnergyCost		INTEGER (2),
	CastTime		DECIMAL (4,2),
	SkillType 		VARCHAR (25),
	Image			VARCHAR (200)  
);

CREATE TABLE BattleRite(
	BattleRiteName 	VARCHAR (50),
	ChampionName 	VARCHAR (50),
	Description 	VARCHAR (500),
	BattleRiteType 	VARCHAR (25),
	Image			VARCHAR (200),
	PRIMARY KEY (BattleRiteName, ChampionName)
);

CREATE TABLE Effect (
	EffectName		VARCHAR (50) PRIMARY KEY,
	Description		VARCHAR (500)
);

INSERT INTO Champion (ChampionName, ChampionBio, Image, ChampionType)
VALUES ('Alysia' , 'From the frozen north comes the ice sculptor Alysia. Her power allows her to wield ice with both grace and deadly precision. She can damage and freeze her enemies from a distance, while shielding her allies with ice. Obsessed with shapes and form, she left her icy fortress of solitude to seek inspiration in the arena.', 'https://d1u5p3l4wpay3k.cloudfront.net/battlerite_gamepedia_en/6/6d/Alysia_Portrait.png?version=b6bb7d024dbd986a3971b789c9a4f70d', 'Ranged');

INSERT INTO Champion (ChampionName, ChampionBio, Image, ChampionType)
VALUES('Ashka','A masked creature specialized in dark sorcery and pyro-kinetic powers. Casting devastating fire spells on his opponents, staying away from close combat. Don’t be fooled by his size, Ashka’s inner demon strikes fear into all who face him.','https://d1u5p3l4wpay3k.cloudfront.net/battlerite_gamepedia_en/3/33/Ashka_Portrait.png?version=62a459f3d2fd2ae884aa75c65db2308b', 'Ranged');

INSERT INTO Champion (ChampionName, ChampionBio, Image, ChampionType)
VALUES('Destiny','An elite sky ranger from the secluded, invisible city of Enza. Many years of rigorous combat training using Magi-tech weaponry makes Destiny an agile and deadly force to be reckoned with. Fed up with the strict regulations of living in Enza, Destiny often escapes the city to blow off some steam and have fun in the arena.','https://d1u5p3l4wpay3k.cloudfront.net/battlerite_gamepedia_en/e/ec/Destiny_Portrait.png?version=7798095975b403aca28eaef05988ea63', 'Ranged');

INSERT INTO Champion (ChampionName, ChampionBio, Image, ChampionType)
VALUES('Ezmo','Ezmo was once imprisoned by the warlock, Aradu The Reserved, but managed to escape when his captor was too engrossed in reading his tome. Ezmo sealed Aradu\'s soul within the book, creating the Lost Soul Grimoire, and has carried it ever since. When he isn\'t playing tricks on people, Ezmo is searching for a way back to his home dimension.','https://d1u5p3l4wpay3k.cloudfront.net/battlerite_gamepedia_en/6/64/Ezmo_Portrait.png?version=aaaa0257e50ab288ea20084079ee1a5d', 'Ranged');

INSERT INTO Champion (ChampionName, ChampionBio, Image, ChampionType)
VALUES('Iva','A scavenger from the outer realms. Iva has engineered her own arsenal of weapons. Firing crazy rockets or unleashing a storm of bullets is her way of greeting her opponents in the Arena.','https://d1u5p3l4wpay3k.cloudfront.net/battlerite_gamepedia_en/d/dc/Iva_Portrait.png?version=acd00a76b53208366cf7dfd714e37bb3', 'Ranged');

INSERT INTO Champion (ChampionName, ChampionBio, Image, ChampionType)
VALUES('Jade','A mysterious gunslinger with a score to settle. Born with eagle-eyes and armed with a lethal sniper rifle, Jade’s pinpoint accuracy is a serious threat for anyone who enters the arena. For close encounters she prefers a good old combination of stealth and homemade revolvers. The rumor says Jade joined the arena games to find the villain who killed her brother. Will she complete her dark quest of vengeance?','https://d1u5p3l4wpay3k.cloudfront.net/battlerite_gamepedia_en/7/7e/Jade_Portrait.png?version=93387fa0f2ba5084eceafc80b25b9a1a', 'Ranged');

INSERT INTO Champion (ChampionName, ChampionBio, Image, ChampionType)
VALUES('Jumong','Jumong is a trophy collector who has wandered the wildlands in the pursuit of a worthy challenge. No longer content with hunting the great beasts of the world, has led him to enter the arena looking for a new type of prey. He traps his foes and ends them with a well placed shot from his mighty bow.','https://d1u5p3l4wpay3k.cloudfront.net/battlerite_gamepedia_en/7/74/Jumong_Portrait.png?version=2757dbb8e54b8a60abe8b9be70bf19d6', 'Ranged');

INSERT INTO Champion (ChampionName, ChampionBio, Image, ChampionType)
VALUES('Taya','An exceptionally swift hunter wielding a razor sharp boomerang. By shaping the wind around her taya is able to increase her speed and control her boomerang with deadly precision.','https://d1u5p3l4wpay3k.cloudfront.net/battlerite_gamepedia_en/2/26/Taya_Portrait.png?version=ae2a6a6b3f0e4666428c12ad5dcbbbe8', 'Ranged');

INSERT INTO Champion (ChampionName, ChampionBio, Image, ChampionType)
VALUES('Varesh','A being formed by the energies of others. Varesh uses his power to weaken and disrupt his enemies. By combining his powers he is able to unleash devastating attacks.','https://d1u5p3l4wpay3k.cloudfront.net/battlerite_gamepedia_en/2/20/Varesh_Portrait.png?version=f64ad2b5a1ce4864095cfb6e110dba13', 'Ranged');

INSERT INTO Champion (ChampionName, ChampionBio, Image, ChampionType)
VALUES('Bakko','Bakko has a proud history, filled with bravery and courage. Most known for saving hundreds of people from getting slaughtered by the giants in the north. A heroic brawler armed with axe and shield. Bakko uses his shield to outmaneuver opponents and protect his teammates. Watch out for his earth shattering dash attacks, even calm warriors sometimes go berserk.','https://d1u5p3l4wpay3k.cloudfront.net/battlerite_gamepedia_en/1/1d/Bakko_Portrait.png?version=43b8d9770e5a80d5682afe71da2dccc9', 'Melee');

INSERT INTO Champion (ChampionName, ChampionBio, Image, ChampionType)
VALUES('Croak','His background is shrouded in mystery, his movements are supernatural and his reputation is whispered about. Croak loves to surprise his enemies, using his mobility to move in and out. His chameleonic stealth and flexible fighting style makes him exceptionally hard to catch.','https://d1u5p3l4wpay3k.cloudfront.net/battlerite_gamepedia_en/f/f0/Croak_Portrait.png?version=f65088ecd98f1a9a0deaf19f001bfdc8', 'Melee');

INSERT INTO Champion (ChampionName, ChampionBio, Image, ChampionType)
VALUES('Freya','Once a tribe queen, now a fearless contender. Her titanic hammers and overwhelming power of lighting is the perfect recipe for destruction, slowing down her foes with thundering spells to catch them off guard.','https://d1u5p3l4wpay3k.cloudfront.net/battlerite_gamepedia_en/f/fb/Freya_Portrait.png?version=6c83bc4003ee2619e008910ef59ddb45', 'Melee');

INSERT INTO Champion (ChampionName, ChampionBio, Image, ChampionType)
VALUES('Raigon','Raigon is the former crown prince of Quna. He was a well-respected figure among the kingdom’s warriors, until he was exiled due to the manipulations of Pestilus. For now, the arena serves as a decent place to find work and set the wheels in motion for his retaliation.','https://d1u5p3l4wpay3k.cloudfront.net/battlerite_gamepedia_en/c/c1/Raigon_Portrait.png?version=4900ed554d90d7baf8dd4f225eeb15b6', 'Melee');

INSERT INTO Champion (ChampionName, ChampionBio, Image, ChampionType)
VALUES('Rook','A mighty chieftain rushing into battle with a giant hammer in one hand and his dinner in the other. Rook likes to smash his enemies, with boulders, with hammers and even with his body. Once he goes berserk he turns into an unstoppable force.','https://d1u5p3l4wpay3k.cloudfront.net/battlerite_gamepedia_en/3/3a/Rook_Portrait.png?version=7d28c0f2cbf4c61336c4cf948c0c513c', 'Melee');

INSERT INTO Champion (ChampionName, ChampionBio, Image, ChampionType)
VALUES('Ruh Kaan','Ruh Kaan was awoken when a grave robber desecrated the sacred crypts Ark\'Dun. Pursuing the trespasser led him to the Arenas where he is still tracking his quarry. He wields his dark powers to remove those who would stand in his way, taking great pleasure in consuming their souls.','https://d1u5p3l4wpay3k.cloudfront.net/battlerite_gamepedia_en/e/e5/Ruh_Kaan_Portrait.png?version=668fd61abc58eb504d63f5c2b0738450', 'Melee');

INSERT INTO Champion (ChampionName, ChampionBio, Image, ChampionType)
VALUES('Shifu','Expert in the martial art of Ni’Shu and master of the spear. A highly mobile and dangerous duelist, his extraordinary combat prowess culminates in a range of deadly melee attacks. Trained to hunt down his opponents and move like the wind, facing Shifu is like walking into a tornado of spearheads.','https://d1u5p3l4wpay3k.cloudfront.net/battlerite_gamepedia_en/d/d9/Shifu_Portrait.png?version=859dc047a922dd684eb5f87933095706', 'Melee');

INSERT INTO Champion (ChampionName, ChampionBio, Image, ChampionType)
VALUES('Thorn','Ancient folklore speaks of Thorn, the destructive apparition. Using its network of thorn-covered roots, it would whip, rupture and drain the life out of any living thing indiscriminately. Some say Thorn is just a story to keep kids out of the forests at night, others say it is an old lie used as a cover-up for misdeeds. Thorn’s presence in the Arena is both a mystery, and a very bad omen.','https://d1u5p3l4wpay3k.cloudfront.net/battlerite_gamepedia_en/7/75/Thorn_Portrait.png?version=2be79aed0c2493a3b403d83cedddcdad', 'Melee');

INSERT INTO Champion (ChampionName, ChampionBio, Image, ChampionType)
VALUES('Blossom','Blossom is a happy, bubbly young faun from the Silverdeep Forest. She has left her home to investigate a disturbance in the natural order. She is always accompanied by her bird companion, Maxwell.','https://d1u5p3l4wpay3k.cloudfront.net/battlerite_gamepedia_en/9/94/Blossom_Portrait.png?version=ffa468b2d5f767426a8ecc2128366599', 'Support');

INSERT INTO Champion (ChampionName, ChampionBio, Image, ChampionType)
VALUES('Lucie','Lucie is a highly skilled Alchemist. A rebel at school who got expelled from the Toleen Academy for mixing banned potions. She is a diverse contender who knows which brew makes you choke, heal or flee in fear. The arena has become her new playground for wild experiments. Seeing her smile while mixing ingredients of an unknown nature might make her look more crazy than cute.','https://d1u5p3l4wpay3k.cloudfront.net/battlerite_gamepedia_en/8/8e/Lucie_Portrait.png?version=ef83c8df786ba91ba76fd067b7172b8a', 'Support');

INSERT INTO Champion (ChampionName, ChampionBio, Image, ChampionType)
VALUES('Oldur','Oldur is a mysterious creature able to bend time and space. He can mend wounds with powerful heals and reverse enemy attacks by freezing them in time.','https://d1u5p3l4wpay3k.cloudfront.net/battlerite_gamepedia_en/0/0e/Oldur_Portrait.png?version=18d9fa00dd359be1001a9ad91d347348', 'Support');

INSERT INTO Champion (ChampionName, ChampionBio, Image, ChampionType)
VALUES('Pearl','Pearl is a sage able to control the oceans and whatever creatures that lurk below. Pearl transforms water into volatile attacks, rejuvenating streams and protecting bubbles.','https://d1u5p3l4wpay3k.cloudfront.net/battlerite_gamepedia_en/0/05/Pearl_Portrait.png?version=3a6fa7a029c11ca7282c699a9383bec4', 'Support');

INSERT INTO Champion (ChampionName, ChampionBio, Image, ChampionType)
VALUES('Pestilus','Pestilus is the head priest of Quna. He serves the Qunan royal family, but secretly worships an evil deity, Rasal. His schemes manipulated the king into exiling the crown prince. In the arena, Pestilus unleashes swarms of insects to infest and cripple his enemies, releasing his innermost darkest desires.','https://d1u5p3l4wpay3k.cloudfront.net/battlerite_gamepedia_en/f/f2/Pestilus_Portrait.png?version=2966517b8571c821014587a947b0c860', 'Support');

INSERT INTO Champion (ChampionName, ChampionBio, Image, ChampionType)
VALUES('Poloma','A psychopomp from the deep forests of Silverridge, Poloma uses shamanic powers to guide life and spirits alongside her protector and loyal creature, Toki. A dark disturbance among souls has put Poloma on a new path, leaving her safety and home behind. Driven by her burning curiosity and extraordinary senses, Poloma now seeks her answers in the arena.','https://d1u5p3l4wpay3k.cloudfront.net/battlerite_gamepedia_en/6/64/Poloma_Portrait.png?version=88e987984f260248862e6362e0c1ed63', 'Support');

INSERT INTO Champion (ChampionName, ChampionBio, Image, ChampionType)
VALUES('Sirius','Born under a purple sky and wrapped in the light of the brightest star, the prophecy was true and foretold the birth of the Zenith. Taken from his parents and sent to a monastery to learn the the way of the astronomers, Sirius is a calm prodigy who uses the energies of stars and planets as destructive spells and healing powers.','https://d1u5p3l4wpay3k.cloudfront.net/battlerite_gamepedia_en/4/42/Sirius_Portrait.png?version=264f29322ce6d86cb473341114ffb466', 'Support');

INSERT INTO Skill (SkillName, ChampionName, Keybinding, Description, EnergyGain, Cooldown, EnergyCost, CastTime, SkillType, Image) VALUES ('Frost Bolt', 'Alysia', 'LMB', 'Launch a cold bolt that deals 15 damage. Deals 2 bonus damage and adds Chill duration to enemies affected by Chill.', 7, 0.3, 0, 0.35, 'Projectile', 'https://d1u5p3l4wpay3k.cloudfront.net/battlerite_gamepedia_en/thumb/9/9b/Frost_Bolt_icon_big.png/120px-Frost_Bolt_icon_big.png?version=4bfebe2cf239f1b5c9621f7e2e037168');
INSERT INTO Skill (SkillName, ChampionName, Keybinding, Description, EnergyGain, Cooldown, EnergyCost, CastTime, SkillType, Image) VALUES ('Ice Lance', 'Alysia', 'RMB', 'Projectile attack that deals 22 damage and inflicts Chill. Deals 6 bonus damage to enemies already affected by Chill.', 8, 5, 0, 0.7, 'Projectile', 'https://d1u5p3l4wpay3k.cloudfront.net/battlerite_gamepedia_en/thumb/7/76/Ice_Lance_icon_big.png/120px-Ice_Lance_icon_big.png?version=8163c7f3508c3348ba9f357774a512fb');
INSERT INTO Skill (SkillName, ChampionName, Keybinding, Description, EnergyGain, Cooldown, EnergyCost, CastTime, SkillType, Image) VALUES ('Arctic Wind', 'Alysia', 'SPACE', 'Soar gracefully to target location.', 0, 8, 0, 0.1, 'Mobility', 'https://d1u5p3l4wpay3k.cloudfront.net/battlerite_gamepedia_en/thumb/e/e7/Arctic_Wind_icon_big.png/120px-Arctic_Wind_icon_big.png?version=6cbee62b6f08498f81c882596db8d510');
INSERT INTO Skill (SkillName, ChampionName, Keybinding, Description, EnergyGain, Cooldown, EnergyCost, CastTime, SkillType, Image) VALUES ('Glacial Prism', 'Alysia', 'Q', 'Shield a target ally. Glacial Prism absorbs up to 24 damage. When it breaks, it explodes to inflict Chill on nearby enemies.', 0, 9, 0, 0.1, 'Shield, Buff', 'https://d1u5p3l4wpay3k.cloudfront.net/battlerite_gamepedia_en/thumb/e/e8/Glacial_Prism_icon_big.png/120px-Glacial_Prism_icon_big.png?version=82c7f4f8cc7e9d42d8d677ccdedee56c');
INSERT INTO Skill (SkillName, ChampionName, Keybinding, Description, EnergyGain, Cooldown, EnergyCost, CastTime, SkillType, Image) VALUES ('Flash Freeze', 'Alysia', 'E', 'Call down a frozen star at target location that deals 15 damage and inflicts Chill. Inflicts Freeze instead to enemies already affected by Chill.', 0, 9, 0, 0.3, 'AoE', 'https://d1u5p3l4wpay3k.cloudfront.net/battlerite_gamepedia_en/thumb/4/4f/Flash_Freeze_icon_big.png/120px-Flash_Freeze_icon_big.png?version=89df15a9ddc8316c7b7fe266a4e3544c');
INSERT INTO Skill (SkillName, ChampionName, Keybinding, Description, EnergyGain, Cooldown, EnergyCost, CastTime, SkillType, Image) VALUES ('Ice Crown', 'Alysia', 'R', 'Launch a fragile sculpture that knocks enemies back and blocks enemy attacks for 1.5s. When it breaks, a cone of icicles shoots forward to deal 20 damage and inflict Chill.', 0, 15, 25, 0.2, 'Wall', 'https://d1u5p3l4wpay3k.cloudfront.net/battlerite_gamepedia_en/thumb/4/4a/Ice_Crown_icon_big.png/120px-Ice_Crown_icon_big.png?version=64614fb4f39149625837a1122c735a87');
INSERT INTO Skill (SkillName, ChampionName, Keybinding, Description, EnergyGain, Cooldown, EnergyCost, CastTime, SkillType, Image) VALUES ('Ice Block', 'Alysia', 'LSHIFT + Q', 'Encase target ally within ice for 3.5s, making them immune to disables and blocking up to 40 damage. They can\'t move or use abilities while encased and heal for 30 health over the duration.', 0, 9, 25, 0.1, 'Shield', 'https://d1u5p3l4wpay3k.cloudfront.net/battlerite_gamepedia_en/thumb/4/47/Ice_Block_icon_big.png/120px-Ice_Block_icon_big.png?version=f1d88c5faeb4b785694a69f0e2c217c9');
INSERT INTO Skill (SkillName, ChampionName, Keybinding, Description, EnergyGain, Cooldown, EnergyCost, CastTime, SkillType, Image) VALUES ('Snow Cone', 'Alysia', 'LSHIFT + E', 'Channel a cone of cold snow that deals 24 damage and inflicts Chill over the duration. Inflicts Freeze instead when a target is fully Chilled. The damage affects targets with Freeze directly.', 0, 9, 25, 0.4, 'AoE', 'https://d1u5p3l4wpay3k.cloudfront.net/battlerite_gamepedia_en/thumb/d/de/Snow_Cone_icon_big.png/120px-Snow_Cone_icon_big.png?version=e7e76d5dd53e262da20c57893ad6ae17');
INSERT INTO Skill (SkillName, ChampionName, Keybinding, Description, EnergyGain, Cooldown, EnergyCost, CastTime, SkillType, Image) VALUES ('Frozen Gallery', 'Alysia', 'F', 'Mark a path of frost in front of you. After a 0.9s delay, the path deals 35 damage and inflicts Freeze to enemies hit, turning them into beautiful statues.', 0, 1, 100, 0.35, 'AoE', 'https://d1u5p3l4wpay3k.cloudfront.net/battlerite_gamepedia_en/thumb/f/fc/Frozen_Gallery_icon_big.png/120px-Frozen_Gallery_icon_big.png?version=14f9144c11e8de0bd857e353cf0ff230');

INSERT INTO Skill (SkillName, ChampionName, Keybinding, Description, EnergyGain, Cooldown, EnergyCost, CastTime, SkillType, Image) VALUES ('Fireball', 'Ashka', 'LMB', 'Launch a Fireball that deals 15 damage. Reapplies Ignite on impact.', 7, 0.3, 0, 0.4, 'Projectile', 'https://d1u5p3l4wpay3k.cloudfront.net/battlerite_gamepedia_en/4/4e/Fireball_icon.png?version=0b2a073cc32aa4e71ef69d637e1ce823');
INSERT INTO Skill (SkillName, ChampionName, Keybinding, Description, EnergyGain, Cooldown, EnergyCost, CastTime, SkillType, Image) VALUES ('Fire Storm', 'Ashka', 'RMB', 'Launch 3 Fire Storm projectiles. Each projectile deals 16 damage and Ignites the enemy.', 7, 7, 0, 1, 'Projectile', 'https://d1u5p3l4wpay3k.cloudfront.net/battlerite_gamepedia_en/thumb/7/7d/Fire_Storm_icon_big.png/120px-Fire_Storm_icon_big.png?version=7f43429198eb2be64198a71157b20d1c');
INSERT INTO Skill (SkillName, ChampionName, Keybinding, Description, EnergyGain, Cooldown, EnergyCost, CastTime, SkillType, Image) VALUES ('Searing Flight', 'Ashka', 'SPACE', 'Transform into fire and fly to target location dealing 10 damage to nearby enemies.', 5, 8, 0, 0.4, 'Mobility', 'https://d1u5p3l4wpay3k.cloudfront.net/battlerite_gamepedia_en/thumb/9/9c/Searing_Flight_icon_big.png/120px-Searing_Flight_icon_big.png?version=117c09ccd6a71ccf561bea73505a4399');
INSERT INTO Skill (SkillName, ChampionName, Keybinding, Description, EnergyGain, Cooldown, EnergyCost, CastTime, SkillType, Image) VALUES ('Flamestrike', 'Ashka', 'Q', 'Engulf an area in flames dealing 20 area damage and Stunning enemies.', 5, 8, 0, 0.4, 'AoE', 'https://d1u5p3l4wpay3k.cloudfront.net/battlerite_gamepedia_en/thumb/d/d6/Flamestrike_icon_big.png/120px-Flamestrike_icon_big.png?version=bb5d5aabc1b277fdc4e8738fb24bd3fc');
INSERT INTO Skill (SkillName, ChampionName, Keybinding, Description, EnergyGain, Cooldown, EnergyCost, CastTime, SkillType, Image) VALUES ('Molten Fist', 'Ashka', 'E', 'Turn into a fist of magma and dash forward. Inflicts Snare and knocks the enemy back.', 6, 9, 0, 0.2, 'Mobility', 'https://d1u5p3l4wpay3k.cloudfront.net/battlerite_gamepedia_en/thumb/8/8a/Molten_Fist_icon_big.png/120px-Molten_Fist_icon_big.png?version=fa139eb0228d567a8af1573e703367a8');
INSERT INTO Skill (SkillName, ChampionName, Keybinding, Description, EnergyGain, Cooldown, EnergyCost, CastTime, SkillType, Image) VALUES ('Firewall', 'Ashka', 'R', 'Summon a firewall at target location. The wall blocks projectiles and Ignites enemies that pass through it.', 0, 20, 25, 0.1, 'AoE, Summon', 'https://d1u5p3l4wpay3k.cloudfront.net/battlerite_gamepedia_en/thumb/1/14/Firewall_icon_big.png/120px-Firewall_icon_big.png?version=b591d4d0142e7b897bc0f0bb6c815eb6');
INSERT INTO Skill (SkillName, ChampionName, Keybinding, Description, EnergyGain, Cooldown, EnergyCost, CastTime, SkillType, Image) VALUES ('Searing Fire', 'Ashka', 'LSHIFT + SPACE', 'Transform into Pure Fire and travel to target location dealing 10 damage to nearby enemies.', 0, 9, 50, 0.1, 'Mobility', 'https://d1u5p3l4wpay3k.cloudfront.net/battlerite_gamepedia_en/thumb/9/9c/Searing_Flight_icon_big.png/120px-Searing_Flight_icon_big.png?version=117c09ccd6a71ccf561bea73505a4399');
INSERT INTO Skill (SkillName, ChampionName, Keybinding, Description, EnergyGain, Cooldown, EnergyCost, CastTime, SkillType, Image) VALUES ('Molten Chains', 'Ashka', 'LSHIFT + Q', 'Give rise to a lava stream inflicting Petrify on surrounding enemies.', 0, 8, 25, 0.5, 'AoE', 'https://d1u5p3l4wpay3k.cloudfront.net/battlerite_gamepedia_en/thumb/9/9a/Molten_Chains_icon_big.png/120px-Molten_Chains_icon_big.png?version=70a72eabdce87fae6f97b0b9b6df9649');
INSERT INTO Skill (SkillName, ChampionName, Keybinding, Description, EnergyGain, Cooldown, EnergyCost, CastTime, SkillType, Image) VALUES ('Infernal Scorch', 'Ashka', 'F', 'Transform into a fire elemental and dash forward dealing 36 damage and Igniting enemies. Scorches the ground below you dealing 4 damage every 0.5s.', 0, 1, 100, 0.1, 'AoE, Mobility', 'https://d1u5p3l4wpay3k.cloudfront.net/battlerite_gamepedia_en/thumb/1/1d/Infernal_Scorch_icon_big.png/120px-Infernal_Scorch_icon_big.png?version=c84e6fc4dbfa06d19e555e01a09368d3');

INSERT INTO Skill (SkillName, ChampionName, Keybinding, Description, EnergyGain, Cooldown, EnergyCost, CastTime, SkillType, Image) VALUES ('Power Blaster', 'Destiny', 'LMB', 'Projectile attack that deals 16 damage. Successful hits reduces the cooldown of Charged Bolt by 1s.', 7, 0.35, 0, 0.3, 'Projectile', 'https://d1u5p3l4wpay3k.cloudfront.net/battlerite_gamepedia_en/thumb/6/66/Power_Blaster_icon_big.png/120px-Power_Blaster_icon_big.png?version=448543efe6eff932ece9eb8839489996');
INSERT INTO Skill (SkillName, ChampionName, Keybinding, Description, EnergyGain, Cooldown, EnergyCost, CastTime, SkillType, Image) VALUES ('Charged Bolt', 'Destiny', 'RMB', 'Hold to charge a projectile for up to 1.2s to increase damage and distance. The projectile deals 8-32 damage and inflicts Spell Block.', 10, 7, 0, 1.2, 'Projectile', 'https://d1u5p3l4wpay3k.cloudfront.net/battlerite_gamepedia_en/thumb/b/b4/Charged_Bolt_icon_big.png/120px-Charged_Bolt_icon_big.png?version=9e806afd42b1c956548e133528ce592a');
INSERT INTO Skill (SkillName, ChampionName, Keybinding, Description, EnergyGain, Cooldown, EnergyCost, CastTime, SkillType, Image) VALUES ('Magnetic Orb', 'Destiny', 'SPACE','Compress yourself into an orb to dispel movement impairing effects and increase movement speed by 125%. Deals 16 damage to the first enemy you hit and knocks them back.', 4, 9, 0, 1.2, 'Mobility', 'https://d1u5p3l4wpay3k.cloudfront.net/battlerite_gamepedia_en/thumb/7/7e/Magnetic_Orb_icon_big.png/120px-Magnetic_Orb_icon_big.png?version=3c581cf8008cc19f35c2bcac27a4834f');
INSERT INTO Skill (SkillName, ChampionName, Keybinding, Description, EnergyGain, Cooldown, EnergyCost, CastTime, SkillType, Image) VALUES ('Sky Strike', 'Destiny', 'Q', 'Counter the next melee or projectile attack. Countering an attack vaults you into the air and fires a plasma blast that deals 22 damage and knocks enemies back. Jump towards moves move direction when attack ends.', 5, 9, 0, 0.1, 'Counter', 'https://d1u5p3l4wpay3k.cloudfront.net/battlerite_gamepedia_en/thumb/6/6b/Sky_Strike_icon_big.png/120px-Sky_Strike_icon_big.png?version=a100c905d8a96a5101c65180974519ce');
INSERT INTO Skill (SkillName, ChampionName, Keybinding, Description, EnergyGain, Cooldown, EnergyCost, CastTime, SkillType, Image) VALUES ('Plasma Wall', 'Destiny', 'E', 'Deploy a Plasma Wall at target location. The barrier reduces projectile speed and snares enemies that pass through it.', 0, 10, 0, 0.1, 'Shield, Debuff', 'https://d1u5p3l4wpay3k.cloudfront.net/battlerite_gamepedia_en/thumb/4/49/Plasma_Wall_icon_big.png/120px-Plasma_Wall_icon_big.png?version=1c180b331713302526a72360d48927d8');
INSERT INTO Skill (SkillName, ChampionName, Keybinding, Description, EnergyGain, Cooldown, EnergyCost, CastTime, SkillType, Image) VALUES ('Mega Sphere', 'Destiny', 'R', 'Fire a huge energy sphere towards target location. Hitting the Mega Sphere with Power Blaster or Charged Bolt causes an explosion, dealing the fired projectile\'s effects to all nearby enemies along with 14 bonus damage and inflicting Fading Snare.', 0, 15, 25, 0.1, 'AoE', 'https://d1u5p3l4wpay3k.cloudfront.net/battlerite_gamepedia_en/thumb/1/11/Mega_Sphere_icon_big.png/120px-Mega_Sphere_icon_big.png?version=129e8b1bec76c1e7d60c8c00e6ded95d');
INSERT INTO Skill (SkillName, ChampionName, Keybinding, Description, EnergyGain, Cooldown, EnergyCost, CastTime, SkillType, Image) VALUES ('Transform Weapon', 'Destiny', 'LSHIFT + LMB', 'Transform your blaster into a defensive form and gain a Shield. The blaster deals 6 damage to enemies and grants a Shield to allies. Successful hits to any target grant you additional Shield.', 0, 5, 25, 0.1, 'Mobility, AoE', 'https://d1u5p3l4wpay3k.cloudfront.net/battlerite_gamepedia_en/thumb/a/ac/Transform_Weapon_icon_big.png/120px-Transform_Weapon_icon_big.png?version=2b956fca5d1a0f09fdb1115f7715548e');
INSERT INTO Skill (SkillName, ChampionName, Keybinding, Description, EnergyGain, Cooldown, EnergyCost, CastTime, SkillType, Image) VALUES ('Lockdown', 'Destiny', 'LSHIFT + E', 'Deploy a Plasma Prison at target location. The prison inflicts Stun to enemies that pass through its wall.', 0, 10, 25, 0.1, 'Debuff', 'https://d1u5p3l4wpay3k.cloudfront.net/battlerite_gamepedia_en/thumb/9/9a/Lockdown_icon_big.png/120px-Lockdown_icon_big.png?version=2b4f3d6cd32375f8a42d0e8013848d09');
INSERT INTO Skill (SkillName, ChampionName, Keybinding, Description, EnergyGain, Cooldown, EnergyCost, CastTime, SkillType, Image) VALUES ('Pinball', 'Destiny', 'F', 'Compress yourself into an orb and dash forward at supersonic speed. Deals 40 damage and inflicts Stun to enemies hit. Bounces off walls up to a total of 3 times.', 0, 1, 100, 0.8, 'AoE, Mobility', 'https://d1u5p3l4wpay3k.cloudfront.net/battlerite_gamepedia_en/thumb/3/3a/Pinball_icon_big.png/120px-Pinball_icon_big.png?version=c9e2f40981e61ffe7abb1854901c892a');

INSERT INTO Skill (SkillName, ChampionName, Keybinding, Description, EnergyGain, Cooldown, EnergyCost, CastTime, SkillType, Image) VALUES ('Arcane Fire', 'Ezmo', 'LMB', 'Launch a bolt of arcane fire that deals 8 damage.', 4, 0.05, 0, 0.1, 'Projectile', 'https://d1u5p3l4wpay3k.cloudfront.net/battlerite_gamepedia_en/thumb/e/e3/Arcane_Fire_icon_big.png/120px-Arcane_Fire_icon_big.png?version=5db0d9ced7571005d919c0e942a69f67');
INSERT INTO Skill (SkillName, ChampionName, Keybinding, Description, EnergyGain, Cooldown, EnergyCost, CastTime, SkillType, Image) VALUES ('Chaos Grip', 'Ezmo', 'RMB','Hold to charge a projectile for up to 1.3s to increase damage and distance. The projectile deals 12-20 damage, knocks nearby enemies back and pulls enemies far away towards you.', 8, 8, 0, 0.4, 'Projectile', 'https://d1u5p3l4wpay3k.cloudfront.net/battlerite_gamepedia_en/thumb/7/73/Chaos_Grip_icon_big.png/120px-Chaos_Grip_icon_big.png?version=e4f09efde258738caeefa09638d394ff');
INSERT INTO Skill (SkillName, ChampionName, Keybinding, Description, EnergyGain, Cooldown, EnergyCost, CastTime, SkillType, Image) VALUES ('Displace', 'Ezmo', 'SPACE', 'Turn into arcane energy, travel to target location and recharge Arcane Fire. Can be recasted.', 0, 8, 0, 0.1, 'Mobility', 'https://d1u5p3l4wpay3k.cloudfront.net/battlerite_gamepedia_en/thumb/b/b4/Displace_icon_big.png/120px-Displace_icon_big.png?version=41e82a9ec3eea443c27969fc9f8b22c2');
INSERT INTO Skill (SkillName, ChampionName, Keybinding, Description, EnergyGain, Cooldown, EnergyCost, CastTime, SkillType, Image) VALUES ('Arcane Barrier', 'Ezmo', 'Q', 'Negate projectile and melee attacks in front of you. Negating attacks recharges Arcane Fire. You receive 1 charge per 10 damage absorbed or 1 charge for each none damaging source.', 0, 8, 0, 0.1, 'Block', 'https://d1u5p3l4wpay3k.cloudfront.net/battlerite_gamepedia_en/thumb/f/fb/Arcane_Barrier_icon_big.png/120px-Arcane_Barrier_icon_big.png?version=8fdeaab8091bced95e9701285d7a90b3');
INSERT INTO Skill (SkillName, ChampionName, Keybinding, Description, EnergyGain, Cooldown, EnergyCost, CastTime, SkillType, Image) VALUES ('Shackle', 'Ezmo', 'E', 'Strike an area to deal 8 area damage and Root enemies in place.', 5, 8, 0, 1, 'AoE', 'https://d1u5p3l4wpay3k.cloudfront.net/battlerite_gamepedia_en/thumb/a/ab/Shackle_icon_big.png/120px-Shackle_icon_big.png?version=30f2645a10c2f767eafaecbb0709ebc7');
INSERT INTO Skill (SkillName, ChampionName, Keybinding, Description, EnergyGain, Cooldown, EnergyCost, CastTime, SkillType, Image) VALUES ('Tome of Destruction', 'Ezmo', 'R', 'Summon the Tome of Destruction at target location. The tome mimics your Arcane Fire attacks.', 0, 15, 25, 0.3, 'Summon', 'https://d1u5p3l4wpay3k.cloudfront.net/battlerite_gamepedia_en/c/c2/Tome_of_Destruction_icon.png?version=cc0b9db1ff1ebb89b4dffcc8ce96adb7');
INSERT INTO Skill (SkillName, ChampionName, Keybinding, Description, EnergyGain, Cooldown, EnergyCost, CastTime, SkillType, Image) VALUES ('Siphon Life', 'Ezmo', 'LSHIFT + LMB', 'Channel a beam that deals 32 damage and drains 32 health.', 0, 1, 50, 0.2, 'Channel', 'https://d1u5p3l4wpay3k.cloudfront.net/battlerite_gamepedia_en/9/9b/Siphon_Life_icon.png?version=3086ef30518864cb806b374d6756b650');
INSERT INTO Skill (SkillName, ChampionName, Keybinding, Description, EnergyGain, Cooldown, EnergyCost, CastTime, SkillType, Image) VALUES ('Arcane Ward', 'Ezmo', 'LSHIFT + Q', 'Shield a target ally. Shield absorbs up to 24 damage and restores up to 6 weapon charges if destroyed by damage.', 0, 8, 25, 0.1, 'Shield', 'https://d1u5p3l4wpay3k.cloudfront.net/battlerite_gamepedia_en/0/00/Arcane_Ward_icon.png?version=d0218f2e120557bb4233027abb51c7ae');
INSERT INTO Skill (SkillName, ChampionName, Keybinding, Description, EnergyGain, Cooldown, EnergyCost, CastTime, SkillType, Image) VALUES ('Grimoire of Chaos', 'Ezmo', 'F', 'Throw the Grimoire of Chaos to target location. The power of the grimoire draws nearby enemies towards it. It explodes after 2s dealing 55 damage.', 0, 1, 100, 0.3, 'AoE', 'https://d1u5p3l4wpay3k.cloudfront.net/battlerite_gamepedia_en/thumb/3/31/Grimoire_of_Chaos_icon_big.png/120px-Grimoire_of_Chaos_icon_big.png?version=033b4e99a3e393635f292ee758e5e208');

INSERT INTO Skill (SkillName, ChampionName, Keybinding, Description, EnergyGain, Cooldown, EnergyCost, CastTime, SkillType, Image) VALUES ('Boomstick', 'Iva', 'LMB', 'Fire 4 bullets in a cone, each dealing 4 damage.', 8, 0.25, 0, 0.3, 'Projectile', 'https://d1u5p3l4wpay3k.cloudfront.net/battlerite_gamepedia_en/thumb/7/76/Boomstick_icon_big.png/120px-Boomstick_icon_big.png?version=92189bec1e840a6848db16378c5b77a5');
INSERT INTO Skill (SkillName, ChampionName, Keybinding, Description, EnergyGain, Cooldown, EnergyCost, CastTime, SkillType, Image) VALUES ('ROCKET X-67', 'Iva', 'RMB', 'Launch a rocket that deals 26 damage on impact and 12 area damage. The explosion Ignites enemies affected by Oil.', 9, 4, 0, 0.7, 'Projectile', 'https://d1u5p3l4wpay3k.cloudfront.net/battlerite_gamepedia_en/thumb/b/b7/ROCKET_X-67_icon_big.png/120px-ROCKET_X-67_icon_big.png?version=320573915ba4cfd8973a7486dc638357');
INSERT INTO Skill (SkillName, ChampionName, Keybinding, Description, EnergyGain, Cooldown, EnergyCost, CastTime, SkillType, Image) VALUES ('Jet Pack', 'Iva', 'SPACE', 'Fire up your Jet Pack and travel towards target location. Inflicts Oil on enemies below you.', 0, 8, 0, 0.1, 'Mobility', 'https://d1u5p3l4wpay3k.cloudfront.net/battlerite_gamepedia_en/thumb/6/6e/Jet_Pack_icon_big.png/120px-Jet_Pack_icon_big.png?version=ddd74d9f9087fb9863c8a7a0d7965145');
INSERT INTO Skill (SkillName, ChampionName, Keybinding, Description, EnergyGain, Cooldown, EnergyCost, CastTime, SkillType, Image) VALUES ('Zap', 'Iva', 'Q', 'Remove all negative effects and Shield a target ally. Shield absorbs up to 28 damage and increases movement speed by 30%.', 0, 12, 0, 0.1, 'Shield', 'https://d1u5p3l4wpay3k.cloudfront.net/battlerite_gamepedia_en/thumb/3/36/Zap_icon_big.png/120px-Zap_icon_big.png?version=8cdf89adac36e6931ec25980dc40d99e');
INSERT INTO Skill (SkillName, ChampionName, Keybinding, Description, EnergyGain, Cooldown, EnergyCost, CastTime, SkillType, Image) VALUES ('Tazer', 'Iva', 'E', 'Fire a shot that interrupts the next ability cast and dispels all positive effects. Inflicts Stun when an ability is interrupted.', 7, 8, 0, 0.3, 'Projectile, Dispel', 'https://d1u5p3l4wpay3k.cloudfront.net/battlerite_gamepedia_en/thumb/3/30/Tazer_icon_big.png/120px-Tazer_icon_big.png?version=dd2e55872b444dc29ed52707e5c8f167');
INSERT INTO Skill (SkillName, ChampionName, Keybinding, Description, EnergyGain, Cooldown, EnergyCost, CastTime, SkillType, Image) VALUES ('Tractor Beam', 'Iva', 'R', 'Channel a beam that drags enemies towards your position while rendering you immune to melee and projectile attacks from that direction.', 0, 15, 25, 0.2, 'Channel', 'https://d1u5p3l4wpay3k.cloudfront.net/battlerite_gamepedia_en/7/74/Tractor_Beam_icon.png?version=9ce8baf16cc0e81b60008735b1f262fc');
INSERT INTO Skill (SkillName, ChampionName, Keybinding, Description, EnergyGain, Cooldown, EnergyCost, CastTime, SkillType, Image) VALUES ('Flame Thrower', 'Iva', 'LSHIFT + LMB', 'Channel a flame thrower that deals 50 damage and Ignites enemies affected by Oil.', 0, 0.3, 50, 0.3, 'Channel', 'https://d1u5p3l4wpay3k.cloudfront.net/battlerite_gamepedia_en/5/55/Flame_Thrower_icon.png?version=b73268ab769ebde027e241618642b461');
INSERT INTO Skill (SkillName, ChampionName, Keybinding, Description, EnergyGain, Cooldown, EnergyCost, CastTime, SkillType, Image) VALUES ('Concussion Shot', 'Iva', 'LSHIFT + E', 'Fire a shock shell that deals 10 damage and inflicts Incapacitate.', 0, 8, 25, 0.5, 'Projectile', 'https://d1u5p3l4wpay3k.cloudfront.net/battlerite_gamepedia_en/8/81/Concussion_Shot_icon.png?version=c15f22ede1c237ec5020425b30d8df79');
INSERT INTO Skill (SkillName, ChampionName, Keybinding, Description, EnergyGain, Cooldown, EnergyCost, CastTime, SkillType, Image) VALUES ('Machine Gun', 'Iva', 'F', 'Fire a series of piercing projectiles dealing a total of 140 damage.', 0, 1, 100, 0.1, 'Projectile', 'https://d1u5p3l4wpay3k.cloudfront.net/battlerite_gamepedia_en/thumb/1/13/Machine_Gun_icon_big.png/120px-Machine_Gun_icon_big.png?version=e04c623893aef35ef0076e2556636b44');

INSERT INTO Skill (SkillName, ChampionName, Keybinding, Description, EnergyGain, Cooldown, EnergyCost, CastTime, SkillType, Image) VALUES ('Revolver Shot', 'Jade', 'LMB', 'Fire a revolver shot dealing 6 damage.', 3, 0, 0, 0.07, 'Projectile', 'https://d1u5p3l4wpay3k.cloudfront.net/battlerite_gamepedia_en/thumb/3/33/Revolver_Shot_icon_big.png/120px-Revolver_Shot_icon_big.png?version=942be8f53c75bd39a06d181c3aee220e');
INSERT INTO Skill (SkillName, ChampionName, Keybinding, Description, EnergyGain, Cooldown, EnergyCost, CastTime, SkillType, Image) VALUES ('Snipe', 'Jade', 'RMB','Fire a piercing bullet that deals 38 damage and inflicts Stun.', 14, 6, 0, 1.6, 'Projectile', 'https://d1u5p3l4wpay3k.cloudfront.net/battlerite_gamepedia_en/thumb/a/ae/Snipe_icon_big.png/120px-Snipe_icon_big.png?version=9ed9247080553560f5f170d003b48dc9');
INSERT INTO Skill (SkillName, ChampionName, Keybinding, Description, EnergyGain, Cooldown, EnergyCost, CastTime, SkillType, Image) VALUES ('Blast Vault', 'Jade', 'SPACE','Detonate a grenade that launches you into the air. The explosion deals 12 damage and inflicts Stun on nearby enemies.', 14, 9, 0, 0.2, 'Mobility', 'https://d1u5p3l4wpay3k.cloudfront.net/battlerite_gamepedia_en/thumb/2/21/Blast_Vault_icon_big.png/120px-Blast_Vault_icon_big.png?version=3259dea6dc18ca8809cbd17c27de2d42');
INSERT INTO Skill (SkillName, ChampionName, Keybinding, Description, EnergyGain, Cooldown, EnergyCost, CastTime, SkillType, Image) VALUES ('Stealth', 'Jade', 'Q','Turn invisible and gain Fading Haste. Removes movement impairing effects.', 0, 10, 0, 0.1, 'Cloak', 'https://d1u5p3l4wpay3k.cloudfront.net/battlerite_gamepedia_en/thumb/3/33/Stealth_icon_big.png/120px-Stealth_icon_big.png?version=07aca69efa15452cad9869f26b3539f6');
INSERT INTO Skill (SkillName, ChampionName, Keybinding, Description, EnergyGain, Cooldown, EnergyCost, CastTime, SkillType, Image) VALUES ('Disabling Shot', 'Jade', 'E','Fire a shot that inflicts Snare and interrupts the next ability cast. Inflicts Silence when an ability is interrupted.', 7, 8, 0, 0.2, 'Projectile', 'https://d1u5p3l4wpay3k.cloudfront.net/battlerite_gamepedia_en/thumb/1/1d/Disabling_Shot_icon_big.png/120px-Disabling_Shot_icon_big.png?version=8acf52a2c6a056f3f9cbbba3a890d998');
INSERT INTO Skill (SkillName, ChampionName, Keybinding, Description, EnergyGain, Cooldown, EnergyCost, CastTime, SkillType, Image) VALUES ('Junk Shot', 'Jade', 'R','Fire piercing bullets in a cone dealing 18 damage and knocking enemies back.', 0, 15, 25, 0.35, 'Projectile', 'https://d1u5p3l4wpay3k.cloudfront.net/battlerite_gamepedia_en/thumb/8/86/Junk_Shot_icon_big.png/120px-Junk_Shot_icon_big.png?version=6b8538d337ee44a0a658a846854d2c11');
INSERT INTO Skill (SkillName, ChampionName, Keybinding, Description, EnergyGain, Cooldown, EnergyCost, CastTime, SkillType, Image) VALUES ('Snap Shot', 'Jade', 'LSHIFT + RMB','Fire a piercing bullet that deals 12 damage and inflicts Root.', 0, 6, 25, 0.4, 'Projectile', 'https://d1u5p3l4wpay3k.cloudfront.net/battlerite_gamepedia_en/thumb/a/ae/Snipe_icon_big.png/120px-Snipe_icon_big.png?version=9ed9247080553560f5f170d003b48dc9');
INSERT INTO Skill (SkillName, ChampionName, Keybinding, Description, EnergyGain, Cooldown, EnergyCost, CastTime, SkillType, Image) VALUES ('Smoke Veil', 'Jade', 'LSHIFT + Q','Enter Stealth, gain a Fading Haste and grant all nearby allies a Shield that absorbs up to 32 damage.', 0, 10, 25, 0.1, 'AoE', 'https://d1u5p3l4wpay3k.cloudfront.net/battlerite_gamepedia_en/thumb/3/33/Stealth_icon_big.png/120px-Stealth_icon_big.png?version=07aca69efa15452cad9869f26b3539f6');
INSERT INTO Skill (SkillName, ChampionName, Keybinding, Description, EnergyGain, Cooldown, EnergyCost, CastTime, SkillType, Image) VALUES ('Explosive Shells', 'Jade', 'F','Fire a series of explosive shells dealing a total of 112 impact damage and 64 area damage.', 0, 1, 100, 0.6, 'Projectile', 'https://d1u5p3l4wpay3k.cloudfront.net/battlerite_gamepedia_en/thumb/f/fe/Explosive_Shells_icon_big.png/120px-Explosive_Shells_icon_big.png?version=e4b75bb1391c9656320948ed8a09bdc9');

INSERT INTO Skill (SkillName, ChampionName, Keybinding, Description, EnergyGain, Cooldown, EnergyCost, CastTime, SkillType, Image) VALUES ('Hunting Arrow', 'Jumong', 'LMB', 'Fire an arrow that deals 16 damage. Successful hits charges your bow. A fully charged bow enables you to recast Steady Shot, Black Arrow or Rain Of Arrows .', 9, 0.25, 0, 0.45, 'Projectile', 'https://d1u5p3l4wpay3k.cloudfront.net/battlerite_gamepedia_en/thumb/4/4e/Hunting_Arrow_icon_big.png/120px-Hunting_Arrow_icon_big.png?version=bff3805f7ab7de16861bcc1ca6bb9f53');
INSERT INTO Skill (SkillName, ChampionName, Keybinding, Description, EnergyGain, Cooldown, EnergyCost, CastTime, SkillType, Image) VALUES ('Steady Shot', 'Jumong', 'RMB', 'Projectile attack that deals 28 damage.', 12, 6, 0, 1, 'Projectile', 'https://d1u5p3l4wpay3k.cloudfront.net/battlerite_gamepedia_en/thumb/1/13/Steady_Shot_icon_big.png/120px-Steady_Shot_icon_big.png?version=00023d4d56ddee93516f12e5c8726aeb');
INSERT INTO Skill (SkillName, ChampionName, Keybinding, Description, EnergyGain, Cooldown, EnergyCost, CastTime, SkillType, Image) VALUES ('Black Arrow', 'Jumong', 'SPACE', 'Dash towards move direction and fire an arrow that deals 8 damage.', 6, 8, 0, 0.2, 'Mobility', 'https://d1u5p3l4wpay3k.cloudfront.net/battlerite_gamepedia_en/thumb/3/30/Black_Arrow_icon_big.png/120px-Black_Arrow_icon_big.png?version=e367f73354bfd89201e7f5777216ef2c');
INSERT INTO Skill (SkillName, ChampionName, Keybinding, Description, EnergyGain, Cooldown, EnergyCost, CastTime, SkillType, Image) VALUES ('Rain of Arrows', 'Jumong', 'Q', 'Fire arrows that rain down at target location dealing 20 damage over 2s and Snaring enemies. The first hit inflicts Seeker\'s Mark.', 6, 9, 0, 0.3, 'AoE', 'https://d1u5p3l4wpay3k.cloudfront.net/battlerite_gamepedia_en/thumb/e/e2/Rain_Of_Arrows_icon_big.png/120px-Rain_Of_Arrows_icon_big.png?version=a76b8e05d671608d6e62e9277c759532');
INSERT INTO Skill (SkillName, ChampionName, Keybinding, Description, EnergyGain, Cooldown, EnergyCost, CastTime, SkillType, Image) VALUES ('Bear Trap', 'Jumong', 'E', 'Place a trap that inflicts Root on all nearby enemies when the trap is triggered.', 5, 8, 0, 0.25, 'Summon', 'https://d1u5p3l4wpay3k.cloudfront.net/battlerite_gamepedia_en/thumb/8/8c/Bear_Trap_icon_big.png/120px-Bear_Trap_icon_big.png?version=9ea3e9c7ab7a2354175eb3e3f23be815');
INSERT INTO Skill (SkillName, ChampionName, Keybinding, Description, EnergyGain, Cooldown, EnergyCost, CastTime, SkillType, Image) VALUES ('Prowl', 'Jumong', 'R', 'You become immaterial, movement speed increases by 100% and all movement impairing effects are removed. Running into an enemy inflicts Seeker\'s Mark.', 0, 15, 25, 0.1, 'Mobility', 'https://d1u5p3l4wpay3k.cloudfront.net/battlerite_gamepedia_en/thumb/8/81/Prowl_icon_big.png/120px-Prowl_icon_big.png?version=0d36277c5b380cf0f3597a0ddf4dc379');
INSERT INTO Skill (SkillName, ChampionName, Keybinding, Description, EnergyGain, Cooldown, EnergyCost, CastTime, SkillType, Image) VALUES ('Guided Arrow', 'Jumong', 'LSHIFT + LMB', 'Fire an arrow that bounces up to 3 times. Deals 6/6/6 damage, heals self for 6/6/6 health and inflicts Seeker\'s Mark on each hit.', 0, 12, 25, 0.1, 'Projectile', 'https://d1u5p3l4wpay3k.cloudfront.net/battlerite_gamepedia_en/3/3f/Guided_Arrow_icon.png?version=6d2da5a2874d9eaae0729edaa62b9939');
INSERT INTO Skill (SkillName, ChampionName, Keybinding, Description, EnergyGain, Cooldown, EnergyCost, CastTime, SkillType, Image) VALUES ('Seekers Arrow', 'Jumong', 'LSHIFT + RMB', 'Fire a piercing arrow that turns to hit the same target again after impact dealing 12/12/12 damage. Each hit charges your weapon.', 0, 1, 25, 0.6, 'Projectile', 'https://d1u5p3l4wpay3k.cloudfront.net/battlerite_gamepedia_en/c/c1/Seekers_Arrow_icon.png?version=74544f39663b833ddd643cdf7e15be2f');
INSERT INTO Skill (SkillName, ChampionName, Keybinding, Description, EnergyGain, Cooldown, EnergyCost, CastTime, SkillType, Image) VALUES ('Dragon Slayer', 'Jumong', 'F', 'Hold to charge an arrow for up to 2s to increase its damage and travel distance. The arrow deals 45-60 damage and pulls the target hit with it. Pulling a target into an enemy or into a wall deals 30 damage to the enemy hit and stuns both targets for 1.2s.', 0, 1, 100, 0.9, 'Projectile', 'https://d1u5p3l4wpay3k.cloudfront.net/battlerite_gamepedia_en/thumb/5/5b/Dragon_Slayer_icon_big.png/120px-Dragon_Slayer_icon_big.png?version=8c2d594f31ffacfd2fae55363f9fc3d7');

INSERT INTO Skill (SkillName, ChampionName, Keybinding, Description, EnergyGain, Cooldown, EnergyCost, CastTime, SkillType, Image) VALUES ('Razor Boomerang', 'Taya', 'LMB', 'Throws a piercing boomerang that deals 14 damage and returns upon reaching maximum distance.', 6, 0, 0, 0.3, 'Projectile', 'https://d1u5p3l4wpay3k.cloudfront.net/battlerite_gamepedia_en/thumb/5/58/Razor_Boomerang_icon_big.png/120px-Razor_Boomerang_icon_big.png?version=87d92c93715d930825de576ba407dba9');
INSERT INTO Skill (SkillName, ChampionName, Keybinding, Description, EnergyGain, Cooldown, EnergyCost, CastTime, SkillType, Image) VALUES ('X Strike', 'Taya', 'RMB', 'Throw two boomerangs in arc. Each boomerang deals 14 damage. Inflicts Stun on the way out and deals 6 bonus damage if you hit both boomerangs at max range.', 4, 6, 0, 0.7, 'Projectile', 'https://d1u5p3l4wpay3k.cloudfront.net/battlerite_gamepedia_en/thumb/f/f0/X_Strike_icon_big.png/120px-X_Strike_icon_big.png?version=b20b0c22ff5b4489dbe37fc4672b82a9');
INSERT INTO Skill (SkillName, ChampionName, Keybinding, Description, EnergyGain, Cooldown, EnergyCost, CastTime, SkillType, Image) VALUES ('Haste', 'Taya', 'SPACE', 'Removes all movement impairing effects and increases movement speed by 80%. Razor Boomerang deals increases damage when Haste is active.', 0, 9, 0, 0.1, 'Mobility', 'https://d1u5p3l4wpay3k.cloudfront.net/battlerite_gamepedia_en/thumb/e/e3/Haste_icon_big.png/120px-Haste_icon_big.png?version=49321e3994b19fc3ad12940b24d2206c');
INSERT INTO Skill (SkillName, ChampionName, Keybinding, Description, EnergyGain, Cooldown, EnergyCost, CastTime, SkillType, Image) VALUES ('Wind Strike', 'Taya', 'Q', 'Spinning attack that deals 12 damage and knocks nearby enemies away.', 5, 9, 0, 0.2, 'AoE', 'https://d1u5p3l4wpay3k.cloudfront.net/battlerite_gamepedia_en/thumb/d/db/Wind_Strike_icon_big.png/120px-Wind_Strike_icon_big.png?version=a95d485c08d08781800324cded96d515');
INSERT INTO Skill (SkillName, ChampionName, Keybinding, Description, EnergyGain, Cooldown, EnergyCost, CastTime, SkillType, Image) VALUES ('Wind Bomb', 'Taya', 'E', 'Throw a Wind Bomb to target location that pulls nearby enemies towards the center of the impact and inflicts Fading Snare.', 0, 10, 0, 0.2, 'AoE', 'https://d1u5p3l4wpay3k.cloudfront.net/battlerite_gamepedia_en/thumb/4/4f/Wind_Bomb_icon_big.png/120px-Wind_Bomb_icon_big.png?version=94e057a189a8151e7c0e63b4ff8e85b6');
INSERT INTO Skill (SkillName, ChampionName, Keybinding, Description, EnergyGain, Cooldown, EnergyCost, CastTime, SkillType, Image) VALUES ('Tornado', 'Taya', 'R', 'Target ally is swept up into the air and becomes unhittable. Ally is tossed out of the Tornado when the effect ends.', 0, 15, 25, 0.1, 'Mobility', 'https://d1u5p3l4wpay3k.cloudfront.net/battlerite_gamepedia_en/thumb/f/fe/Tornado_icon_big.png/120px-Tornado_icon_big.png?version=1997a6ebbcc16508eec3ff8c591838ea');
INSERT INTO Skill (SkillName, ChampionName, Keybinding, Description, EnergyGain, Cooldown, EnergyCost, CastTime, SkillType, Image) VALUES ('Spinning Boomerang', 'Taya', 'LSHIFT + RMB', 'Throw a boomerang that deals 16 damage. The boomerang returns after a short delay dealing 24 damage and inflicting Stun on enemies hit.', 0, 6, 25, 0.4, 'Projectile', 'https://d1u5p3l4wpay3k.cloudfront.net/battlerite_gamepedia_en/thumb/f/f0/X_Strike_icon_big.png/120px-X_Strike_icon_big.png?version=b20b0c22ff5b4489dbe37fc4672b82a9');
INSERT INTO Skill (SkillName, ChampionName, Keybinding, Description, EnergyGain, Cooldown, EnergyCost, CastTime, SkillType, Image) VALUES ('Zephyr', 'Taya', 'LSHIFT + Q', 'Dash forward and perform a spin attack that deals 16 damage and knocks nearby enemies away.', 0, 9, 25, 0.1, 'AoE, Mobility', 'https://d1u5p3l4wpay3k.cloudfront.net/battlerite_gamepedia_en/thumb/d/db/Wind_Strike_icon_big.png/120px-Wind_Strike_icon_big.png?version=a95d485c08d08781800324cded96d515');
INSERT INTO Skill (SkillName, ChampionName, Keybinding, Description, EnergyGain, Cooldown, EnergyCost, CastTime, SkillType, Image) VALUES ('Companion Call', 'Taya', 'F', 'Your mount rushes towards you from target location dealing 26 damage to enemies in its path. You are granted a shield and instantly mount when it reaches you. As long as the shield holds you cannot be demounted and you can throw empowered Razor Boomerangs.', 0, 1, 100, 0.1, 'Mobility, Summon', 'https://d1u5p3l4wpay3k.cloudfront.net/battlerite_gamepedia_en/thumb/3/3e/Companion_Call_icon_big.png/120px-Companion_Call_icon_big.png?version=ffeaeed6a70d8963cdc3729b6fa4cb32');

INSERT INTO Skill (SkillName, ChampionName, Keybinding, Description, EnergyGain, Cooldown, EnergyCost, CastTime, SkillType, Image) VALUES ('Hand of Corruption', 'Varesh', 'LMB', 'Fire a projectile that deals 14 damage, heals self for 2 health and inflicts Corruption.', 8, 0.5, 0, 0.35, 'Projectile', 'https://d1u5p3l4wpay3k.cloudfront.net/battlerite_gamepedia_en/thumb/c/cd/Hand_of_Corruption_icon_big.png/120px-Hand_of_Corruption_icon_big.png?version=84ac1091c3867b134e004ce44f6c1de8');
INSERT INTO Skill (SkillName, ChampionName, Keybinding, Description, EnergyGain, Cooldown, EnergyCost, CastTime, SkillType, Image) VALUES ('Hand of Judgement', 'Varesh', 'RMB', 'Fire a projectile that deals 22 damage and inflicts Judgement.', 10, 1.5, 0, 0.9, 'Projectile', 'https://d1u5p3l4wpay3k.cloudfront.net/battlerite_gamepedia_en/thumb/3/38/Hand_of_Judgement_icon_big.png/120px-Hand_of_Judgement_icon_big.png?version=4e338c8cd67bbbabc3a339631f8f023d');
INSERT INTO Skill (SkillName, ChampionName, Keybinding, Description, EnergyGain, Cooldown, EnergyCost, CastTime, SkillType, Image) VALUES ('Inhibitors Guard', 'Varesh', 'SPACE', 'Shield a target ally. Shield absorbs up to 28 damage.', 0, 11, 0, 0.1, 'Shield', 'https://d1u5p3l4wpay3k.cloudfront.net/battlerite_gamepedia_en/thumb/a/a8/Inhibitors_Guard_icon_big.png/120px-Inhibitors_Guard_icon_big.png?version=e8122e7f1d5ff40679e1b9d35edba22b');
INSERT INTO Skill (SkillName, ChampionName, Keybinding, Description, EnergyGain, Cooldown, EnergyCost, CastTime, SkillType, Image) VALUES ('Wuju', 'Varesh', 'Q', 'Counter the next melee or projectile attack. Countering an attack teleports you to a new location and knocks away enemies. Consumes Judgement to deal 8 bonus damage and to Silence the target. Consumes Corruption to heal you for 8 health and to Snare the target.', 0, 8, 0, 0.1, 'Counter', 'https://d1u5p3l4wpay3k.cloudfront.net/battlerite_gamepedia_en/thumb/9/98/Wuju_icon_big.png/120px-Wuju_icon_big.png?version=f46fcbbf9dcebf9bf9f51ddc3348b301');
INSERT INTO Skill (SkillName, ChampionName, Keybinding, Description, EnergyGain, Cooldown, EnergyCost, CastTime, SkillType, Image) VALUES ('Shatter', 'Varesh', 'E', 'Spawn an exploding shard at target location dealing 12 area damage. Consumes Corruption to heal you for 8 health and to Snare the target. Consumes Judgement to deal 8 bonus damage and to Silence the target.', 5, 5, 0, 0.3, 'AoE', 'https://d1u5p3l4wpay3k.cloudfront.net/battlerite_gamepedia_en/thumb/5/5c/Shatter_icon_big.png/120px-Shatter_icon_big.png?version=2f7391c8703816f40ec851c0206452a2');
INSERT INTO Skill (SkillName, ChampionName, Keybinding, Description, EnergyGain, Cooldown, EnergyCost, CastTime, SkillType, Image) VALUES ('Reform', 'Varesh', 'R', 'Dash forward in a target direction and spawn a Shatter shard at each enemy you pass through.', 0, 15, 25, 0.2, 'Mobility', 'https://d1u5p3l4wpay3k.cloudfront.net/battlerite_gamepedia_en/thumb/1/12/Reform_icon_big.png/120px-Reform_icon_big.png?version=dbfb1573450f371312d9d1bc52949161');
INSERT INTO Skill (SkillName, ChampionName, Keybinding, Description, EnergyGain, Cooldown, EnergyCost, CastTime, SkillType, Image) VALUES ('Hand of Punishment', 'Varesh', 'LSHIFT + RMB', 'Fire a projectile that deals 16 damage, and heals you for 6 health and inflicts both Judgement and Corruption.', 0, 1.5, 25, 0.4, 'Projectile', 'https://d1u5p3l4wpay3k.cloudfront.net/battlerite_gamepedia_en/thumb/3/38/Hand_of_Judgement_icon_big.png/120px-Hand_of_Judgement_icon_big.png?version=4e338c8cd67bbbabc3a339631f8f023d');
INSERT INTO Skill (SkillName, ChampionName, Keybinding, Description, EnergyGain, Cooldown, EnergyCost, CastTime, SkillType, Image) VALUES ('Crush', 'Varesh', 'LSHIFT + E', 'Spawn an exploding shard at the target location dealing 12 area damage and knocking enemies back. Consumes Judgement to deal 8 bonus damage and to Silence the target. Consumes Corruption to heal you for 8 health and to Snare the target.', 0, 5, 25, 0.3, 'AoE', 'https://d1u5p3l4wpay3k.cloudfront.net/battlerite_gamepedia_en/thumb/5/5c/Shatter_icon_big.png/120px-Shatter_icon_big.png?version=2f7391c8703816f40ec851c0206452a2');
INSERT INTO Skill (SkillName, ChampionName, Keybinding, Description, EnergyGain, Cooldown, EnergyCost, CastTime, SkillType, Image) VALUES ('Powers Combined', 'Varesh', 'F', 'Dash forward in target direction dealing 24 damage and inflicting both Judgement and Corruption on all enemies hit. This effect repeats itself up to 3 times as long as an enemy is hit.', 0, 1, 100, 0.8, 'AoE, Mobility', 'https://d1u5p3l4wpay3k.cloudfront.net/battlerite_gamepedia_en/thumb/e/e7/Powers_Combined_icon_big.png/120px-Powers_Combined_icon_big.png?version=c2a98b172b07588c13ec6b908c8c8c8b');

INSERT INTO battlerite (BattleRiteName, ChampionName, Description, BattleRiteType, Image) VALUES ('Frozen Muse', 'Alysia', 'Whenever you inflict Freeze, your Frost Bolts are empowered for 3s. They deal 4 bonus damage and inflict Chill even on targets without Chill.', 'Control', 'https://d1u5p3l4wpay3k.cloudfront.net/battlerite_gamepedia_en/thumb/9/9b/Frost_Bolt_icon_big.png/120px-Frost_Bolt_icon_big.png?version=4bfebe2cf239f1b5c9621f7e2e037168');
INSERT INTO battlerite (BattleRiteName, ChampionName, Description, BattleRiteType, Image) VALUES ('Cryogenic Lance', 'Alysia', 'Ice Lance hits inflict Chill for 1s bonus duration and explodes on impact or reaching max range to inflict Chill for 2s on nearby enemies.', 'Control', 'https://d1u5p3l4wpay3k.cloudfront.net/battlerite_gamepedia_en/thumb/7/76/Ice_Lance_icon_big.png/120px-Ice_Lance_icon_big.png?version=8163c7f3508c3348ba9f357774a512fb');
INSERT INTO battlerite (BattleRiteName, ChampionName, Description, BattleRiteType, Image) VALUES ('Ice Breaker', 'Alysia', 'Ice Lance deals 3 bonus damage and breaks Freeze before dealing damage.', 'Offense', 'https://d1u5p3l4wpay3k.cloudfront.net/battlerite_gamepedia_en/thumb/7/76/Ice_Lance_icon_big.png/120px-Ice_Lance_icon_big.png?version=8163c7f3508c3348ba9f357774a512fb');
INSERT INTO battlerite (BattleRiteName, ChampionName, Description, BattleRiteType, Image) VALUES ('Piercing Cold', 'Alysia', 'Ice Lance pierces enemies and range is increased by 10%. Damage reduces by 30% per hit.', 'Offense', 'https://d1u5p3l4wpay3k.cloudfront.net/battlerite_gamepedia_en/thumb/7/76/Ice_Lance_icon_big.png/120px-Ice_Lance_icon_big.png?version=8163c7f3508c3348ba9f357774a512fb');
INSERT INTO battlerite (BattleRiteName, ChampionName, Description, BattleRiteType, Image) VALUES ('Frost Nova', 'Alysia', 'Arctic Wind blasts nearby enemies with a frost nova as you leap, inflicting Chill for 1.6s.', 'Control', 'https://d1u5p3l4wpay3k.cloudfront.net/battlerite_gamepedia_en/thumb/e/e7/Arctic_Wind_icon_big.png/120px-Arctic_Wind_icon_big.png?version=6cbee62b6f08498f81c882596db8d510');
INSERT INTO battlerite (BattleRiteName, ChampionName, Description, BattleRiteType, Image) VALUES ('Twirl', 'Alysia', 'Recast Arctic Wind to perform a short leap.', 'Mobility', 'https://d1u5p3l4wpay3k.cloudfront.net/battlerite_gamepedia_en/thumb/e/e7/Arctic_Wind_icon_big.png/120px-Arctic_Wind_icon_big.png?version=6cbee62b6f08498f81c882596db8d510');
INSERT INTO battlerite (BattleRiteName, ChampionName, Description, BattleRiteType, Image) VALUES ('Crystalline Lattice', 'Alysia', 'Glacial Prism absorbs up to 12 more damage and its explosion range is increased by 20%.', 'Support', 'https://d1u5p3l4wpay3k.cloudfront.net/battlerite_gamepedia_en/thumb/e/e8/Glacial_Prism_icon_big.png/120px-Glacial_Prism_icon_big.png?version=82c7f4f8cc7e9d42d8d677ccdedee56c');
INSERT INTO battlerite (BattleRiteName, ChampionName, Description, BattleRiteType, Image) VALUES ('Figure Skating', 'Alysia', 'Glacial Prism grants the target a 60% Fading Haste for 1.4s.', 'Mobility', 'https://d1u5p3l4wpay3k.cloudfront.net/battlerite_gamepedia_en/thumb/e/e8/Glacial_Prism_icon_big.png/120px-Glacial_Prism_icon_big.png?version=82c7f4f8cc7e9d42d8d677ccdedee56c');
INSERT INTO battlerite (BattleRiteName, ChampionName, Description, BattleRiteType, Image) VALUES ('Wintry Blast', 'Alysia', 'Glacial Prism deals 10 damage to nearby enemies when it explodes.', 'Offense', 'https://d1u5p3l4wpay3k.cloudfront.net/battlerite_gamepedia_en/thumb/e/e8/Glacial_Prism_icon_big.png/120px-Glacial_Prism_icon_big.png?version=82c7f4f8cc7e9d42d8d677ccdedee56c');
INSERT INTO battlerite (BattleRiteName, ChampionName, Description, BattleRiteType, Image) VALUES ('Arctic Cloak', 'Alysia', 'Hitting yourself with Flash Freeze applies Lesser Glacial Prism, absorbing up to 12 damage.', 'Survival', 'https://d1u5p3l4wpay3k.cloudfront.net/battlerite_gamepedia_en/thumb/4/4f/Flash_Freeze_icon_big.png/120px-Flash_Freeze_icon_big.png?version=89df15a9ddc8316c7b7fe266a4e3544c');
INSERT INTO battlerite (BattleRiteName, ChampionName, Description, BattleRiteType, Image) VALUES ('Blizzard', 'Alysia', 'Flash Freeze radius is increased by 20% and cooldown is reduced by 1s.', 'Utility', 'https://d1u5p3l4wpay3k.cloudfront.net/battlerite_gamepedia_en/thumb/4/4f/Flash_Freeze_icon_big.png/120px-Flash_Freeze_icon_big.png?version=89df15a9ddc8316c7b7fe266a4e3544c');
INSERT INTO battlerite (BattleRiteName, ChampionName, Description, BattleRiteType, Image) VALUES ('Snowstorm', 'Alysia', 'Flash Freeze impact leaves a lingering snowstorm that deals 15 damage and inflicts Chill over 2.5s. The damage affects targets with Freeze directly.', 'Offense', 'https://d1u5p3l4wpay3k.cloudfront.net/battlerite_gamepedia_en/thumb/4/4f/Flash_Freeze_icon_big.png/120px-Flash_Freeze_icon_big.png?version=89df15a9ddc8316c7b7fe266a4e3544c');
INSERT INTO battlerite (BattleRiteName, ChampionName, Description, BattleRiteType, Image) VALUES ('Vandalism', 'Alysia', 'You can break your own Ice Crown with a single Frost Bolt, consuming the bolt in the process to launch the cone of icicles.', 'Offense', 'https://d1u5p3l4wpay3k.cloudfront.net/battlerite_gamepedia_en/thumb/4/4a/Ice_Crown_icon_big.png/120px-Ice_Crown_icon_big.png?version=64614fb4f39149625837a1122c735a87');
INSERT INTO battlerite (BattleRiteName, ChampionName, Description, BattleRiteType, Image) VALUES ('Permafrost', 'Alysia', 'Frozen Gallery inflicts Chill for 4s to all enemies in the area after cast and Freeze duration is increased from 3s to 4s.', 'Control', 'https://d1u5p3l4wpay3k.cloudfront.net/battlerite_gamepedia_en/thumb/f/fc/Frozen_Gallery_icon_big.png/120px-Frozen_Gallery_icon_big.png?version=14f9144c11e8de0bd857e353cf0ff230');
INSERT INTO battlerite (BattleRiteName, ChampionName, Description, BattleRiteType, Image) VALUES ('Agility', 'Alysia', 'Increases movement speed by 10%.', 'Mobility', 'https://d1u5p3l4wpay3k.cloudfront.net/battlerite_gamepedia_en/thumb/9/99/Agility_icon_big.png/120px-Agility_icon_big.png?version=a4cdcec8ed57db7ee29a0b0c6985adb8');
INSERT INTO battlerite (BattleRiteName, ChampionName, Description, BattleRiteType, Image) VALUES ('Inspiration', 'Alysia', 'Increases your maximum energy by 25% and energy gained from abilities is increased by 10%', 'Utility', 'https://d1u5p3l4wpay3k.cloudfront.net/battlerite_gamepedia_en/thumb/6/63/Inspiration_icon_big.png/120px-Inspiration_icon_big.png?version=e37319db372404987e3c2dcd42fde116');

INSERT INTO battlerite (BattleRiteName, ChampionName, Description, BattleRiteType, Image) VALUES ('Wild Fire', 'Ashka', 'Fire Storm bolts deal 2 additional damage and inflict Ignite on nearby enemies.', 'Offense', 'https://d1u5p3l4wpay3k.cloudfront.net/battlerite_gamepedia_en/thumb/7/7d/Fire_Storm_icon_big.png/120px-Fire_Storm_icon_big.png?version=7f43429198eb2be64198a71157b20d1c');
INSERT INTO battlerite (BattleRiteName, ChampionName, Description, BattleRiteType, Image) VALUES ('Blaze', 'Ashka', 'Searing Flight increases movement speed by 30% for 2s and your next fireball inflicts Ignite.', 'Mobility', 'https://d1u5p3l4wpay3k.cloudfront.net/battlerite_gamepedia_en/thumb/9/9c/Searing_Flight_icon_big.png/120px-Searing_Flight_icon_big.png?version=117c09ccd6a71ccf561bea73505a4399');
INSERT INTO battlerite (BattleRiteName, ChampionName, Description, BattleRiteType, Image) VALUES ('Knockout', 'Ashka', 'Molten Fist knockback force is increased by 30%, knocking an enemy into a wall inflicts a 1.2s Stun.', 'Control', 'https://d1u5p3l4wpay3k.cloudfront.net/battlerite_gamepedia_en/thumb/8/8a/Molten_Fist_icon_big.png/120px-Molten_Fist_icon_big.png?version=fa139eb0228d567a8af1573e703367a8');
INSERT INTO battlerite (BattleRiteName, ChampionName, Description, BattleRiteType, Image) VALUES ('Heat', 'Ashka', 'Fire Storm can be cast while moving at 45% move speed.', 'Mobility', 'https://d1u5p3l4wpay3k.cloudfront.net/battlerite_gamepedia_en/thumb/7/7d/Fire_Storm_icon_big.png/120px-Fire_Storm_icon_big.png?version=7f43429198eb2be64198a71157b20d1c');
INSERT INTO battlerite (BattleRiteName, ChampionName, Description, BattleRiteType, Image) VALUES ('Inferno', 'Ashka', 'Flamestrike deals 8 bonus damage and inflicts Ignite.', 'Offense', 'https://d1u5p3l4wpay3k.cloudfront.net/battlerite_gamepedia_en/thumb/d/d6/Flamestrike_icon_big.png/120px-Flamestrike_icon_big.png?version=bb5d5aabc1b277fdc4e8738fb24bd3fc');
INSERT INTO battlerite (BattleRiteName, ChampionName, Description, BattleRiteType, Image) VALUES ('Fire Ward', 'Ashka', 'Searing Flight grants a Shield absorbing 12 damage lasting up to 3s.', 'Survival', 'https://d1u5p3l4wpay3k.cloudfront.net/battlerite_gamepedia_en/thumb/9/9c/Searing_Flight_icon_big.png/120px-Searing_Flight_icon_big.png?version=117c09ccd6a71ccf561bea73505a4399');
INSERT INTO battlerite (BattleRiteName, ChampionName, Description, BattleRiteType, Image) VALUES ('Living Flame', 'Ashka', 'Fireball & Fire Storm bolts heal you for 2 health when hitting a target affected by Ignite.', 'Survival', 'https://d1u5p3l4wpay3k.cloudfront.net/battlerite_gamepedia_en/archive/4/4e/20161111164216%21Fireball_icon.png?version=6a1af19224f773c17fa420aba478dc89');
INSERT INTO battlerite (BattleRiteName, ChampionName, Description, BattleRiteType, Image) VALUES ('Lava Punch', 'Ashka', 'Molten Fist cooldown is reduced by 1.5s and hitting an enemy further reduces the cooldown by 2s.', 'Control', 'https://d1u5p3l4wpay3k.cloudfront.net/battlerite_gamepedia_en/thumb/8/8a/Molten_Fist_icon_big.png/120px-Molten_Fist_icon_big.png?version=fa139eb0228d567a8af1573e703367a8');
INSERT INTO battlerite (BattleRiteName, ChampionName, Description, BattleRiteType, Image) VALUES ('Conflagration', 'Ashka', 'Fireballs traveling through Firewall turn into Fire Storm bolts.', 'Offense', 'https://d1u5p3l4wpay3k.cloudfront.net/battlerite_gamepedia_en/thumb/1/14/Firewall_icon_big.png/120px-Firewall_icon_big.png?version=b591d4d0142e7b897bc0f0bb6c815eb6');
INSERT INTO battlerite (BattleRiteName, ChampionName, Description, BattleRiteType, Image) VALUES ('Burn Burn Burn', 'Ashka', 'Fireballs deals 1 bonus damage to targets affected by Ignite.', 'Offense', 'https://d1u5p3l4wpay3k.cloudfront.net/battlerite_gamepedia_en/archive/4/4e/20161111164216%21Fireball_icon.png?version=6a1af19224f773c17fa420aba478dc89');
INSERT INTO battlerite (BattleRiteName, ChampionName, Description, BattleRiteType, Image) VALUES ('Eruption', 'Ashka', 'The radius of Flamestrike is increased by 15%.', 'Mixed', 'https://d1u5p3l4wpay3k.cloudfront.net/battlerite_gamepedia_en/thumb/d/d6/Flamestrike_icon_big.png/120px-Flamestrike_icon_big.png?version=bb5d5aabc1b277fdc4e8738fb24bd3fc');
INSERT INTO battlerite (BattleRiteName, ChampionName, Description, BattleRiteType, Image) VALUES ('Magma', 'Ashka', 'Ignite reduces target\'s movement speed by 14%.', 'Control', 'https://d1u5p3l4wpay3k.cloudfront.net/battlerite_gamepedia_en/thumb/9/9a/Molten_Chains_icon_big.png/120px-Molten_Chains_icon_big.png?version=70a72eabdce87fae6f97b0b9b6df9649');
INSERT INTO battlerite (BattleRiteName, ChampionName, Description, BattleRiteType, Image) VALUES ('Raging Fire', 'Ashka', 'When Infernal Scorch ends you turn into Pure Fire causing your Fireballs to turn into Fire Storm bolts for the next 3s.', 'Offense', 'https://d1u5p3l4wpay3k.cloudfront.net/battlerite_gamepedia_en/thumb/1/1d/Infernal_Scorch_icon_big.png/120px-Infernal_Scorch_icon_big.png?version=c84e6fc4dbfa06d19e555e01a09368d3');
INSERT INTO battlerite (BattleRiteName, ChampionName, Description, BattleRiteType, Image) VALUES ('Everlasting Fire', 'Ashka', 'When Infernal Scorch ends you transform into Pure Fire causing your Fireballs to heal you over the next 3s.', 'Survival', 'https://d1u5p3l4wpay3k.cloudfront.net/battlerite_gamepedia_en/thumb/1/1d/Infernal_Scorch_icon_big.png/120px-Infernal_Scorch_icon_big.png?version=c84e6fc4dbfa06d19e555e01a09368d3');

INSERT INTO battlerite (BattleRiteName, ChampionName, Description, BattleRiteType, Image) VALUES ('Disruption', 'Ezmo', 'Chaos Grip Silences target hit for 0.5s to 1s depending on charge-up.', 'Control', 'https://d1u5p3l4wpay3k.cloudfront.net/battlerite_gamepedia_en/thumb/7/73/Chaos_Grip_icon_big.png/120px-Chaos_Grip_icon_big.png?version=e4f09efde258738caeefa09638d394ff');
INSERT INTO battlerite (BattleRiteName, ChampionName, Description, BattleRiteType, Image) VALUES ('Arcane Barrage', 'Ezmo', 'Recasting Arcane Barrier consumes all weapon charges to fire a projectile. For each weapon charge consumed the projectile deals 5 damage and heals you for 6 health.', 'Survival', 'https://d1u5p3l4wpay3k.cloudfront.net/battlerite_gamepedia_en/thumb/f/fb/Arcane_Barrier_icon_big.png/120px-Arcane_Barrier_icon_big.png?version=8fdeaab8091bced95e9701285d7a90b3');
INSERT INTO battlerite (BattleRiteName, ChampionName, Description, BattleRiteType, Image) VALUES ('Wreak Havoc', 'Ezmo', 'Displace increases your Arcane Fire attack speed by 30% for 2s and grants 1 bonus weapon charge.', 'Offense', 'https://d1u5p3l4wpay3k.cloudfront.net/battlerite_gamepedia_en/thumb/b/b4/Displace_icon_big.png/120px-Displace_icon_big.png?version=41e82a9ec3eea443c27969fc9f8b22c2');
INSERT INTO battlerite (BattleRiteName, ChampionName, Description, BattleRiteType, Image) VALUES ('Undermine', 'Ezmo', 'Shackle reduces target\'s damage and healing output by 50% for 3s.', 'Support', 'https://d1u5p3l4wpay3k.cloudfront.net/battlerite_gamepedia_en/thumb/a/ab/Shackle_icon_big.png/120px-Shackle_icon_big.png?version=30f2645a10c2f767eafaecbb0709ebc7');
INSERT INTO battlerite (BattleRiteName, ChampionName, Description, BattleRiteType, Image) VALUES ('Whizz', 'Ezmo', 'Using Displace grants a 60% Fading Haste that lasts 2s.', 'Mobility', 'https://d1u5p3l4wpay3k.cloudfront.net/battlerite_gamepedia_en/thumb/b/b4/Displace_icon_big.png/120px-Displace_icon_big.png?version=41e82a9ec3eea443c27969fc9f8b22c2');
INSERT INTO battlerite (BattleRiteName, ChampionName, Description, BattleRiteType, Image) VALUES ('Warlock\'s Grip', 'Ezmo', 'Chaos Grip range increases by up to 25% when fully charged.', 'Utility', 'https://d1u5p3l4wpay3k.cloudfront.net/battlerite_gamepedia_en/thumb/7/73/Chaos_Grip_icon_big.png/120px-Chaos_Grip_icon_big.png?version=e4f09efde258738caeefa09638d394ff');
INSERT INTO battlerite (BattleRiteName, ChampionName, Description, BattleRiteType, Image) VALUES ('Bolted', 'Ezmo', 'Landing Shackle on an enemy increases your Arcane Fire range by 50% until your next recharge.', 'Offense', 'https://d1u5p3l4wpay3k.cloudfront.net/battlerite_gamepedia_en/thumb/a/ab/Shackle_icon_big.png/120px-Shackle_icon_big.png?version=30f2645a10c2f767eafaecbb0709ebc7');
INSERT INTO battlerite (BattleRiteName, ChampionName, Description, BattleRiteType, Image) VALUES ('Spell Eater', 'Ezmo', 'You gain double amount of charges when absorbing attacks with Arcane Barrier and you recover 4 health for every charge gained.', 'Survival', 'https://d1u5p3l4wpay3k.cloudfront.net/battlerite_gamepedia_en/thumb/f/fb/Arcane_Barrier_icon_big.png/120px-Arcane_Barrier_icon_big.png?version=8fdeaab8091bced95e9701285d7a90b3');
INSERT INTO battlerite (BattleRiteName, ChampionName, Description, BattleRiteType, Image) VALUES ('Exhaust', 'Ezmo', 'Landing 3 consecutive Arcane Fires inflicts a 1.2s Fading Snare.', 'Control', 'https://d1u5p3l4wpay3k.cloudfront.net/battlerite_gamepedia_en/thumb/e/e3/Arcane_Fire_icon_big.png/120px-Arcane_Fire_icon_big.png?version=5db0d9ced7571005d919c0e942a69f67');
INSERT INTO battlerite (BattleRiteName, ChampionName, Description, BattleRiteType, Image) VALUES ('Imp Rush', 'Ezmo', 'Arcane Barrier increases your movement speed by 50%.', 'Mobility', 'https://d1u5p3l4wpay3k.cloudfront.net/battlerite_gamepedia_en/thumb/f/fb/Arcane_Barrier_icon_big.png/120px-Arcane_Barrier_icon_big.png?version=8fdeaab8091bced95e9701285d7a90b3');
INSERT INTO battlerite (BattleRiteName, ChampionName, Description, BattleRiteType, Image) VALUES ('Arcane Energy', 'Ezmo', 'Maximum Energy is increased by 25% and Arcane Fire hits grant 1% bonus energy.', 'Utility', 'https://d1u5p3l4wpay3k.cloudfront.net/battlerite_gamepedia_en/thumb/e/e3/Arcane_Fire_icon_big.png/120px-Arcane_Fire_icon_big.png?version=5db0d9ced7571005d919c0e942a69f67');
INSERT INTO battlerite (BattleRiteName, ChampionName, Description, BattleRiteType, Image) VALUES ('Face Melt', 'Ezmo', 'Arcane Fire deals 3 bonus damage to enemies rooted by Shackle.', 'Offense', 'https://d1u5p3l4wpay3k.cloudfront.net/battlerite_gamepedia_en/thumb/a/ab/Shackle_icon_big.png/120px-Shackle_icon_big.png?version=30f2645a10c2f767eafaecbb0709ebc7');
INSERT INTO battlerite (BattleRiteName, ChampionName, Description, BattleRiteType, Image) VALUES ('Power Leash', 'Ezmo', 'Grimoire of Chaos leashes on to you restoring 5 weapon charges over 2s.', 'Offense', 'https://d1u5p3l4wpay3k.cloudfront.net/battlerite_gamepedia_en/thumb/3/31/Grimoire_of_Chaos_icon_big.png/120px-Grimoire_of_Chaos_icon_big.png?version=033b4e99a3e393635f292ee758e5e208');
INSERT INTO battlerite (BattleRiteName, ChampionName, Description, BattleRiteType, Image) VALUES ('Life Leash', 'Ezmo', 'Grimoire of Chaos leashes on to nearby allies healing them for 10 health per second.', 'Support', 'https://d1u5p3l4wpay3k.cloudfront.net/battlerite_gamepedia_en/thumb/3/31/Grimoire_of_Chaos_icon_big.png/120px-Grimoire_of_Chaos_icon_big.png?version=033b4e99a3e393635f292ee758e5e208');

INSERT INTO battlerite (BattleRiteName, ChampionName, Description, BattleRiteType, Image) VALUES ('Stockpile', 'Iva', 'ROCKET X-67 gain 1 ability charge.', 'Offense', 'https://d1u5p3l4wpay3k.cloudfront.net/battlerite_gamepedia_en/thumb/b/b7/ROCKET_X-67_icon_big.png/120px-ROCKET_X-67_icon_big.png?version=320573915ba4cfd8973a7486dc638357');
INSERT INTO battlerite (BattleRiteName, ChampionName, Description, BattleRiteType, Image) VALUES ('U-Turn', 'Iva', 'After using Jet Pack you can re-activate it to fly back.', 'Utility', 'https://d1u5p3l4wpay3k.cloudfront.net/battlerite_gamepedia_en/thumb/6/6e/Jet_Pack_icon_big.png/120px-Jet_Pack_icon_big.png?version=ddd74d9f9087fb9863c8a7a0d7965145');
INSERT INTO battlerite (BattleRiteName, ChampionName, Description, BattleRiteType, Image) VALUES ('Conductor', 'Iva', 'Tazer bounces towards an additional target.', 'Control', 'https://d1u5p3l4wpay3k.cloudfront.net/battlerite_gamepedia_en/thumb/3/30/Tazer_icon_big.png/120px-Tazer_icon_big.png?version=dd2e55872b444dc29ed52707e5c8f167');
INSERT INTO battlerite (BattleRiteName, ChampionName, Description, BattleRiteType, Image) VALUES ('Heavy Rocket', 'Iva', 'Direct ROCKET X-67 hits deal 4 bonus damage and inflict a 1s Fading Snare.', 'Control', 'https://d1u5p3l4wpay3k.cloudfront.net/battlerite_gamepedia_en/thumb/b/b7/ROCKET_X-67_icon_big.png/120px-ROCKET_X-67_icon_big.png?version=320573915ba4cfd8973a7486dc638357');
INSERT INTO battlerite (BattleRiteName, ChampionName, Description, BattleRiteType, Image) VALUES ('Oil Blaster', 'Iva', 'Your next Boomstick after using Jet Pack inflicts Oil.', 'Mixed', 'https://d1u5p3l4wpay3k.cloudfront.net/battlerite_gamepedia_en/thumb/6/6e/Jet_Pack_icon_big.png/120px-Jet_Pack_icon_big.png?version=ddd74d9f9087fb9863c8a7a0d7965145');
INSERT INTO battlerite (BattleRiteName, ChampionName, Description, BattleRiteType, Image) VALUES ('Blast Shield', 'Iva', 'Zap knocks nearby enemies back and haste bonus increases by 30%.', 'Support', 'https://d1u5p3l4wpay3k.cloudfront.net/battlerite_gamepedia_en/thumb/3/36/Zap_icon_big.png/120px-Zap_icon_big.png?version=8cdf89adac36e6931ec25980dc40d99e');
INSERT INTO battlerite (BattleRiteName, ChampionName, Description, BattleRiteType, Image) VALUES ('Hyperspeed', 'Iva', 'Zap increases your Boomstick attack speed by 25%.', 'Offense', 'https://d1u5p3l4wpay3k.cloudfront.net/battlerite_gamepedia_en/thumb/3/36/Zap_icon_big.png/120px-Zap_icon_big.png?version=8cdf89adac36e6931ec25980dc40d99e');
INSERT INTO battlerite (BattleRiteName, ChampionName, Description, BattleRiteType, Image) VALUES ('Rocket Boosters', 'Iva', 'Jet Pack increases movement speed by 60% for 2s.', 'Mobility', 'https://d1u5p3l4wpay3k.cloudfront.net/battlerite_gamepedia_en/thumb/6/6e/Jet_Pack_icon_big.png/120px-Jet_Pack_icon_big.png?version=ddd74d9f9087fb9863c8a7a0d7965145');
INSERT INTO battlerite (BattleRiteName, ChampionName, Description, BattleRiteType, Image) VALUES ('Tractor Pulse', 'Iva', 'Tractor Beam stuns all enemies caught in the beam for 0.8s when the effect ends and cooldown is reduced by 3s.', 'Control', 'https://d1u5p3l4wpay3k.cloudfront.net/battlerite_gamepedia_en/7/74/Tractor_Beam_icon.png?version=9ce8baf16cc0e81b60008735b1f262fc');
INSERT INTO battlerite (BattleRiteName, ChampionName, Description, BattleRiteType, Image) VALUES ('Durable Shield', 'Iva', 'Zap absorbs 12 more damage.', 'Support', 'https://d1u5p3l4wpay3k.cloudfront.net/battlerite_gamepedia_en/thumb/3/36/Zap_icon_big.png/120px-Zap_icon_big.png?version=8cdf89adac36e6931ec25980dc40d99e');
INSERT INTO battlerite (BattleRiteName, ChampionName, Description, BattleRiteType, Image) VALUES ('Electrocution', 'Iva', 'Tazer deals 8 damage when triggered.', 'Offense', 'https://d1u5p3l4wpay3k.cloudfront.net/battlerite_gamepedia_en/thumb/3/30/Tazer_icon_big.png/120px-Tazer_icon_big.png?version=dd2e55872b444dc29ed52707e5c8f167');
INSERT INTO battlerite (BattleRiteName, ChampionName, Description, BattleRiteType, Image) VALUES ('Gunge', 'Iva', 'Oil further reduces movement speed by 10% and duration increases by 1s.', 'Control', 'https://d1u5p3l4wpay3k.cloudfront.net/battlerite_gamepedia_en/thumb/e/ec/Gunge_icon_big.png/120px-Gunge_icon_big.png?version=021ae3fa3ba0c54bb8b5a5ccdd9a7f2b');
INSERT INTO battlerite (BattleRiteName, ChampionName, Description, BattleRiteType, Image) VALUES ('Stability', 'Iva', 'Machine Gun grants a shield that absorbs up to 30 damage lasting 2.7s.', 'Survival', 'https://d1u5p3l4wpay3k.cloudfront.net/battlerite_gamepedia_en/thumb/1/13/Machine_Gun_icon_big.png/120px-Machine_Gun_icon_big.png?version=e04c623893aef35ef0076e2556636b44');
INSERT INTO battlerite (BattleRiteName, ChampionName, Description, BattleRiteType, Image) VALUES ('All Systems Operational', 'Iva', 'Machine Gun inflicts Oil on all nearby enemies and launches a ROCKET X-67 after firing the last bullet.', 'Offense', 'https://d1u5p3l4wpay3k.cloudfront.net/battlerite_gamepedia_en/thumb/1/13/Machine_Gun_icon_big.png/120px-Machine_Gun_icon_big.png?version=e04c623893aef35ef0076e2556636b44');

INSERT INTO battlerite (BattleRiteName, ChampionName, Description, BattleRiteType, Image) VALUES ('Ambush', 'Jade', 'Stealth resets the cooldown of Snipe and stealth duration increases by 0.3s.', 'Offense', 'https://d1u5p3l4wpay3k.cloudfront.net/battlerite_gamepedia_en/thumb/a/ae/Snipe_icon_big.png/120px-Snipe_icon_big.png?version=9ed9247080553560f5f170d003b48dc9');
INSERT INTO battlerite (BattleRiteName, ChampionName, Description, BattleRiteType, Image) VALUES ('Outlaw', 'Jade', 'Blast Vault causes you to enter a 1.6s Stealth.', 'Survival', 'https://d1u5p3l4wpay3k.cloudfront.net/battlerite_gamepedia_en/thumb/2/21/Blast_Vault_icon_big.png/120px-Blast_Vault_icon_big.png?version=3259dea6dc18ca8809cbd17c27de2d42');
INSERT INTO battlerite (BattleRiteName, ChampionName, Description, BattleRiteType, Image) VALUES ('Cheap Shot', 'Jade', 'Disabling Shot roots the target for 1s.', 'Control', 'https://d1u5p3l4wpay3k.cloudfront.net/battlerite_gamepedia_en/thumb/1/1d/Disabling_Shot_icon_big.png/120px-Disabling_Shot_icon_big.png?version=8acf52a2c6a056f3f9cbbba3a890d998');
INSERT INTO battlerite (BattleRiteName, ChampionName, Description, BattleRiteType, Image) VALUES ('Desperado', 'Jade', 'Landing Disabling Shot instantly reloads Revolver Shot with 6 ammo.', 'Offense', 'https://d1u5p3l4wpay3k.cloudfront.net/battlerite_gamepedia_en/thumb/1/1d/Disabling_Shot_icon_big.png/120px-Disabling_Shot_icon_big.png?version=8acf52a2c6a056f3f9cbbba3a890d998');
INSERT INTO battlerite (BattleRiteName, ChampionName, Description, BattleRiteType, Image) VALUES ('Through the Shadows', 'Jade', 'Stealth Haste bonus increases by 25%.', 'Mobility', 'https://d1u5p3l4wpay3k.cloudfront.net/battlerite_gamepedia_en/thumb/3/33/Stealth_icon_big.png/120px-Stealth_icon_big.png?version=07aca69efa15452cad9869f26b3539f6');
INSERT INTO battlerite (BattleRiteName, ChampionName, Description, BattleRiteType, Image) VALUES ('Concussion Bomb', 'Jade', 'Blast Vault stun duration is increased by 0.75s.', 'Control', 'https://d1u5p3l4wpay3k.cloudfront.net/battlerite_gamepedia_en/thumb/2/21/Blast_Vault_icon_big.png/120px-Blast_Vault_icon_big.png?version=3259dea6dc18ca8809cbd17c27de2d42');
INSERT INTO battlerite (BattleRiteName, ChampionName, Description, BattleRiteType, Image) VALUES ('Deadly Focus', 'Jade', 'Snipe deals 6 bonus damage.', 'Offense', 'https://d1u5p3l4wpay3k.cloudfront.net/battlerite_gamepedia_en/thumb/a/ae/Snipe_icon_big.png/120px-Snipe_icon_big.png?version=9ed9247080553560f5f170d003b48dc9');
INSERT INTO battlerite (BattleRiteName, ChampionName, Description, BattleRiteType, Image) VALUES ('Delight', 'Jade', 'Successful Disabling Shot interrupts heal you for 16 health.', 'Survival', 'https://d1u5p3l4wpay3k.cloudfront.net/battlerite_gamepedia_en/thumb/1/1d/Disabling_Shot_icon_big.png/120px-Disabling_Shot_icon_big.png?version=8acf52a2c6a056f3f9cbbba3a890d998');
INSERT INTO battlerite (BattleRiteName, ChampionName, Description, BattleRiteType, Image) VALUES ('Black Powder', 'Jade', 'Junk Shot knockback force is increased by 25% and knocking an enemy into a wall inflicts a 1.2s Stun.', 'Control', 'https://d1u5p3l4wpay3k.cloudfront.net/battlerite_gamepedia_en/thumb/8/86/Junk_Shot_icon_big.png/120px-Junk_Shot_icon_big.png?version=6b8538d337ee44a0a658a846854d2c11');
INSERT INTO battlerite (BattleRiteName, ChampionName, Description, BattleRiteType, Image) VALUES ('Gunslinger', 'Jade', 'Revolver Shot hits reduce the cooldown of Stealth by 0.35s.', 'Mixed', 'https://d1u5p3l4wpay3k.cloudfront.net/battlerite_gamepedia_en/thumb/3/33/Revolver_Shot_icon_big.png/120px-Revolver_Shot_icon_big.png?version=942be8f53c75bd39a06d181c3aee220e');
INSERT INTO battlerite (BattleRiteName, ChampionName, Description, BattleRiteType, Image) VALUES ('Agility', 'Jade', 'Increases movement speed by 10%.', 'Mobility', 'https://d1u5p3l4wpay3k.cloudfront.net/battlerite_gamepedia_en/thumb/9/99/Agility_icon_big.png/120px-Agility_icon_big.png?version=a4cdcec8ed57db7ee29a0b0c6985adb8');
INSERT INTO battlerite (BattleRiteName, ChampionName, Description, BattleRiteType, Image) VALUES ('Slayer', 'Jade', 'Deal 20% increased damage to targets below 30% health.', 'Offense', 'https://d1u5p3l4wpay3k.cloudfront.net/battlerite_gamepedia_en/thumb/f/fe/Slayer_icon_big.png/120px-Slayer_icon_big.png?version=36e1cf8a787193b2c1b37bc016d0a3c4');
INSERT INTO battlerite (BattleRiteName, ChampionName, Description, BattleRiteType, Image) VALUES ('Sovereign', 'Jade', 'While channeling Explosive Shells you take 75% less damage.', 'Survival', 'https://d1u5p3l4wpay3k.cloudfront.net/battlerite_gamepedia_en/thumb/f/fe/Explosive_Shells_icon_big.png/120px-Explosive_Shells_icon_big.png?version=e4b75bb1391c9656320948ed8a09bdc9');
INSERT INTO battlerite (BattleRiteName, ChampionName, Description, BattleRiteType, Image) VALUES ('Shrapnel', 'Jade', 'Explosive Shells projectiles inflict a 50% Snare for 1.5s.', 'Control', 'https://d1u5p3l4wpay3k.cloudfront.net/battlerite_gamepedia_en/thumb/f/fe/Explosive_Shells_icon_big.png/120px-Explosive_Shells_icon_big.png?version=e4b75bb1391c9656320948ed8a09bdc9');

INSERT INTO battlerite (BattleRiteName, ChampionName, Description, BattleRiteType, Image) VALUES ('Stockpile', 'Jumong', '', 'Control', 'https://d1u5p3l4wpay3k.cloudfront.net/battlerite_gamepedia_en/1/13/Steady_Shot_icon_big.png?version=ecb5b3038383b13f4ca9817e97ba4461');















