DROP TABLE Champion;
DROP TABLE Skill;
DROP TABLE BattleRite;
DROP TABLE Effect;

CREATE TABLE Champion(
	ChampionName 	VARCHAR (50) PRIMARY KEY,
	ChampionBio		VARCHAR (2500),
	ChampionAvatar	VARCHAR (200),
	ChampionFullBody VARCHAR (200),
	ChampionTitle	VARCHAR (200),
	ChampionType	VARCHAR (20)
);

CREATE TABLE Skill(
	SkillName 		VARCHAR (50) PRIMARY KEY,
	ChampionName 	VARCHAR (50),
	Keybinding 		VARCHAR (30),
	Description 	VARCHAR (500),
	EnergyGain		INTEGER (2),
	Cooldown		DECIMAL (4,2),
	EnergyCost		INTEGER (2),
	CastTime		DECIMAL (4,2),
	SkillType 		VARCHAR (25),
	Image			VARCHAR (200)  
);

CREATE TABLE BattleRite(
	BattleRiteName 	VARCHAR (50),
	ChampionName 	VARCHAR (50),
	Description 	VARCHAR (500),
	BattleRiteType 	VARCHAR (25),
	Image			VARCHAR (200),
	PRIMARY KEY (BattleRiteName, ChampionName)
);

CREATE TABLE Effect (
	EffectName		VARCHAR (50) PRIMARY KEY,
	Description		VARCHAR (500),
	EffectType		VARCHAR (10),
);

INSERT INTO Champion (ChampionName, ChampionBio, ChampionAvatar, ChampionFullBody, ChampionTitle, ChampionType)
VALUES ('Alysia' , 'From the frozen north comes the ice sculptor Alysia. Her power allows her to wield ice with both grace and deadly precision. She can damage and freeze her enemies from a distance, while shielding her allies with ice. Obsessed with shapes and form, she left her icy fortress of solitude to seek inspiration in the arena.', '/Images/Champions/Alysia_avatar.png', '/Images/Champions/Alysia_full.png', 'The Ice Weaver','Ranged');

INSERT INTO Champion (ChampionName, ChampionBio, ChampionAvatar, ChampionFullBody, ChampionTitle, ChampionType)
VALUES('Ashka','A masked creature specialized in dark sorcery and pyro-kinetic powers. Casting devastating fire spells on his opponents, staying away from close combat. Don’t be fooled by his size, Ashka’s inner demon strikes fear into all who face him.', '/Images/Champions/Ashka_avatar.png', '/Images/Champions/Ashka_full.png', 'The Molten Fury','Ranged');

INSERT INTO Champion (ChampionName, ChampionBio, ChampionAvatar, ChampionFullBody, ChampionTitle, ChampionType)
VALUES('Destiny','An elite sky ranger from the secluded, invisible city of Enza. Many years of rigorous combat training using Magi-tech weaponry makes Destiny an agile and deadly force to be reckoned with. Fed up with the strict regulations of living in Enza, Destiny often escapes the city to blow off some steam and have fun in the arena.','/Images/Champions/Destiny_avatar.png', '/Images/Champions/Destiny_full.png', 'The Sky Ranger', 'Ranged');

INSERT INTO Champion (ChampionName, ChampionBio, ChampionAvatar, ChampionFullBody, ChampionTitle, ChampionType)
VALUES('Ezmo','Ezmo was once imprisoned by the warlock, Aradu The Reserved, but managed to escape when his captor was too engrossed in reading his tome. Ezmo sealed Aradu\'s soul within the book, creating the Lost Soul Grimoire, and has carried it ever since. When he isn\'t playing tricks on people, Ezmo is searching for a way back to his home dimension.','/Images/Champions/Ezmo_avatar.png','/Images/Champions/Ezmo_full.png', 'The Mischievous', 'Ranged');

INSERT INTO Champion (ChampionName, ChampionBio, ChampionAvatar, ChampionFullBody, ChampionTitle, ChampionType)
VALUES('Iva','A scavenger from the outer realms. Iva has engineered her own arsenal of weapons. Firing crazy rockets or unleashing a storm of bullets is her way of greeting her opponents in the Arena.','/Images/Champions/Iva_avatar.png', '/Images/Champions/Iva_full.png', 'The Scavenging Inventor', 'Ranged');

INSERT INTO Champion (ChampionName, ChampionBio, ChampionAvatar, ChampionFullBody, ChampionTitle, ChampionType)
VALUES('Jade','A mysterious gunslinger with a score to settle. Born with eagle-eyes and armed with a lethal sniper rifle, Jade’s pinpoint accuracy is a serious threat for anyone who enters the arena. For close encounters she prefers a good old combination of stealth and homemade revolvers. The rumor says Jade joined the arena games to find the villain who killed her brother. Will she complete her dark quest of vengeance?','/Images/Champions/Jade_avatar.png', '/Images/Champions/Jade_full.png', 'The Lone Gunner', 'Ranged');

INSERT INTO Champion (ChampionName, ChampionBio, ChampionAvatar, ChampionFullBody, ChampionTitle, ChampionType)
VALUES('Jumong','Jumong is a trophy collector who has wandered the wildlands in the pursuit of a worthy challenge. No longer content with hunting the great beasts of the world, has led him to enter the arena looking for a new type of prey. He traps his foes and ends them with a well placed shot from his mighty bow.','/Images/Champions/Jumong_avatar.png', '/Images/Champions/Jumong_full.png', 'The Beast Hunter', 'Ranged');

INSERT INTO Champion (ChampionName, ChampionBio, ChampionAvatar, ChampionFullBody, ChampionTitle, ChampionType)
VALUES('Taya','An exceptionally swift hunter wielding a razor sharp boomerang. By shaping the wind around her taya is able to increase her speed and control her boomerang with deadly precision.','/Images/Champions/Taya_avatar.png', '/Images/Champions/Taya_full.png', 'The Wind of the West', 'Ranged');

INSERT INTO Champion (ChampionName, ChampionBio, ChampionAvatar, ChampionFullBody, ChampionTitle, ChampionType)
VALUES('Varesh','A being formed by the energies of others. Varesh uses his power to weaken and disrupt his enemies. By combining his powers he is able to unleash devastating attacks.','/Images/Champions/Varesh_avatar.png', '/Images/Champions/Varesh_full.png', 'The Eternal', 'Ranged');

INSERT INTO Champion (ChampionName, ChampionBio, ChampionAvatar, ChampionFullBody, ChampionTitle, ChampionType)
VALUES('Bakko','Bakko has a proud history, filled with bravery and courage. Most known for saving hundreds of people from getting slaughtered by the giants in the north. A heroic brawler armed with axe and shield. Bakko uses his shield to outmaneuver opponents and protect his teammates. Watch out for his earth shattering dash attacks, even calm warriors sometimes go berserk.','/Images/Champions/Bakko_avatar.png', '/Images/Champions/Bakko_full.png', 'Hero of Boulder Pass', 'Melee');

INSERT INTO Champion (ChampionName, ChampionBio, ChampionAvatar, ChampionFullBody, ChampionTitle, ChampionType)
VALUES('Croak','His background is shrouded in mystery, his movements are supernatural and his reputation is whispered about. Croak loves to surprise his enemies, using his mobility to move in and out. His chameleonic stealth and flexible fighting style makes him exceptionally hard to catch.','/Images/Champions/Croak_avatar.png', '/Images/Champions/Croak_full.png', 'The Ranid Assassin', 'Melee');

INSERT INTO Champion (ChampionName, ChampionBio, ChampionAvatar, ChampionFullBody, ChampionTitle, ChampionType)
VALUES('Freya','Once a tribe queen, now a fearless contender. Her titanic hammers and overwhelming power of lighting is the perfect recipe for destruction, slowing down her foes with thundering spells to catch them off guard.','/Images/Champions/Freya_avatar.png', '/Images/Champions/Freya_full.png', 'The Eye of the Storm', 'Melee');

INSERT INTO Champion (ChampionName, ChampionBio, ChampionAvatar, ChampionFullBody, ChampionTitle, ChampionType)
VALUES('Raigon','Raigon is the former crown prince of Quna. He was a well-respected figure among the kingdom’s warriors, until he was exiled due to the manipulations of Pestilus. For now, the arena serves as a decent place to find work and set the wheels in motion for his retaliation.','/Images/Champions/Raigon_avatar.png', '/Images/Champions/Raigon_full.png', 'The Exiled Prince', 'Melee');

INSERT INTO Champion (ChampionName, ChampionBio, ChampionAvatar, ChampionFullBody, ChampionTitle, ChampionType)
VALUES('Rook','A mighty chieftain rushing into battle with a giant hammer in one hand and his dinner in the other. Rook likes to smash his enemies, with boulders, with hammers and even with his body. Once he goes berserk he turns into an unstoppable force.','/Images/Champions/Rook_avatar.png', '/Images/Champions/Rook_full.png', 'The Hungering Berserker', 'Melee');

INSERT INTO Champion (ChampionName, ChampionBio, ChampionAvatar, ChampionFullBody, ChampionTitle, ChampionType)
VALUES('Ruh Kaan','Ruh Kaan was awoken when a grave robber desecrated the sacred crypts Ark\'Dun. Pursuing the trespasser led him to the Arenas where he is still tracking his quarry. He wields his dark powers to remove those who would stand in his way, taking great pleasure in consuming their souls.','/Images/Champions/Ruhkaan_avatar.png', '/Images/Champions/Ruhkaan_full.png', 'The Crypt Warden', 'Melee');

INSERT INTO Champion (ChampionName, ChampionBio, ChampionAvatar, ChampionFullBody, ChampionTitle, ChampionType)
VALUES('Shifu','Expert in the martial art of Ni’Shu and master of the spear. A highly mobile and dangerous duelist, his extraordinary combat prowess culminates in a range of deadly melee attacks. Trained to hunt down his opponents and move like the wind, facing Shifu is like walking into a tornado of spearheads.','/Images/Champions/Shifu_avatar.png', '/Images/Champions/Shifu_full.png', 'The Spear', 'Melee');

INSERT INTO Champion (ChampionName, ChampionBio, ChampionAvatar, ChampionFullBody, ChampionTitle, ChampionType)
VALUES('Thorn','Ancient folklore speaks of Thorn, the destructive apparition. Using its network of thorn-covered roots, it would whip, rupture and drain the life out of any living thing indiscriminately. Some say Thorn is just a story to keep kids out of the forests at night, others say it is an old lie used as a cover-up for misdeeds. Thorn’s presence in the Arena is both a mystery, and a very bad omen.','/Images/Champions/Thorn_avatar.png', '/Images/Champions/Thorn_full.png', 'Twisted Terror', 'Melee');

INSERT INTO Champion (ChampionName, ChampionBio, ChampionAvatar, ChampionFullBody, ChampionTitle, ChampionType)
VALUES('Blossom','Blossom is a happy, bubbly young faun from the Silverdeep Forest. She has left her home to investigate a disturbance in the natural order. She is always accompanied by her bird companion, Maxwell.','/Images/Champions/Blossom_avatar.png', '/Images/Champions/Blossom_full.png', 'The Forest Mender', 'Support');

INSERT INTO Champion (ChampionName, ChampionBio, ChampionAvatar, ChampionFullBody, ChampionTitle, ChampionType)
VALUES('Lucie','Lucie is a highly skilled Alchemist. A rebel at school who got expelled from the Toleen Academy for mixing banned potions. She is a diverse contender who knows which brew makes you choke, heal or flee in fear. The arena has become her new playground for wild experiments. Seeing her smile while mixing ingredients of an unknown nature might make her look more crazy than cute.','/Images/Champions/Lucie_avatar.png', '/Images/Champions/Lucie_full.png', 'The Expelled Alchemist', 'Support');

INSERT INTO Champion (ChampionName, ChampionBio, ChampionAvatar, ChampionFullBody, ChampionTitle, ChampionType)
VALUES('Oldur','Oldur is a mysterious creature able to bend time and space. He can mend wounds with powerful heals and reverse enemy attacks by freezing them in time.','/Images/Champions/Oldur_avatar.png', '/Images/Champions/Oldur_full.png', 'The Time Mender', 'Support');

INSERT INTO Champion (ChampionName, ChampionBio, ChampionAvatar, ChampionFullBody, ChampionTitle, ChampionType)
VALUES('Pearl','Pearl is a sage able to control the oceans and whatever creatures that lurk below. Pearl transforms water into volatile attacks, rejuvenating streams and protecting bubbles.','/Images/Champions/Pearl_avatar.png', '/Images/Champions/Pearl_full.png', 'The Ocean Sage', 'Support');

INSERT INTO Champion (ChampionName, ChampionBio, ChampionAvatar, ChampionFullBody, ChampionTitle, ChampionType)
VALUES('Pestilus','Pestilus is the head priest of Quna. He serves the Qunan royal family, but secretly worships an evil deity, Rasal. His schemes manipulated the king into exiling the crown prince. In the arena, Pestilus unleashes swarms of insects to infest and cripple his enemies, releasing his innermost darkest desires.','/Images/Champions/Pestilus_avatar.png', '/Images/Champions/Pestilus_full.png', 'Lord of the Swarm', 'Support');

INSERT INTO Champion (ChampionName, ChampionBio, ChampionAvatar, ChampionFullBody, ChampionTitle, ChampionType)
VALUES('Poloma','A psychopomp from the deep forests of Silverridge, Poloma uses shamanic powers to guide life and spirits alongside her protector and loyal creature, Toki. A dark disturbance among souls has put Poloma on a new path, leaving her safety and home behind. Driven by her burning curiosity and extraordinary senses, Poloma now seeks her answers in the arena.','/Images/Champions/Poloma_avatar.png', '/Images/Champions/Poloma_full.png', 'The Psychopomp', 'Support');

INSERT INTO Champion (ChampionName, ChampionBio, ChampionAvatar, ChampionFullBody, ChampionTitle, ChampionType)
VALUES('Sirius','Born under a purple sky and wrapped in the light of the brightest star, the prophecy was true and foretold the birth of the Zenith. Taken from his parents and sent to a monastery to learn the the way of the astronomers, Sirius is a calm prodigy who uses the energies of stars and planets as destructive spells and healing powers.','/Images/Champions/Sirius_avatar.png', '/Images/Champions/Sirius_full.png', 'The Zenith', 'Support');

INSERT INTO Skill (SkillName, ChampionName, Keybinding, Description, EnergyGain, Cooldown, EnergyCost, CastTime, SkillType, Image) VALUES ('Frost Bolt', 'Alysia', 'LMB', 'Launch a cold bolt that deals 15 damage. Deals 2 bonus damage and adds Chill duration to enemies affected by Chill.', 7, 0.3, 0, 0.35, 'Projectile', '/Images/Skills/Frost_bolt.png');
INSERT INTO Skill (SkillName, ChampionName, Keybinding, Description, EnergyGain, Cooldown, EnergyCost, CastTime, SkillType, Image) VALUES ('Ice Lance', 'Alysia', 'RMB', 'Projectile attack that deals 22 damage and inflicts Chill. Deals 6 bonus damage to enemies already affected by Chill.', 8, 5, 0, 0.7, 'Projectile', '/Images/Skills/Ice_lance.png');
INSERT INTO Skill (SkillName, ChampionName, Keybinding, Description, EnergyGain, Cooldown, EnergyCost, CastTime, SkillType, Image) VALUES ('Arctic Wind', 'Alysia', 'SPACE', 'Soar gracefully to target location.', 0, 8, 0, 0.1, 'Mobility', '/Images/Skills/Arctic_wind.png');
INSERT INTO Skill (SkillName, ChampionName, Keybinding, Description, EnergyGain, Cooldown, EnergyCost, CastTime, SkillType, Image) VALUES ('Glacial Prism', 'Alysia', 'Q', 'Shield a target ally. Glacial Prism absorbs up to 24 damage. When it breaks, it explodes to inflict Chill on nearby enemies.', 0, 9, 0, 0.1, 'Shield, Buff', '/Images/Skills/Glacial_prism.png');
INSERT INTO Skill (SkillName, ChampionName, Keybinding, Description, EnergyGain, Cooldown, EnergyCost, CastTime, SkillType, Image) VALUES ('Flash Freeze', 'Alysia', 'E', 'Call down a frozen star at target location that deals 15 damage and inflicts Chill. Inflicts Freeze instead to enemies already affected by Chill.', 0, 9, 0, 0.3, 'AoE', '/Images/Skills/Flash_freeze.png');
INSERT INTO Skill (SkillName, ChampionName, Keybinding, Description, EnergyGain, Cooldown, EnergyCost, CastTime, SkillType, Image) VALUES ('Ice Crown', 'Alysia', 'R', 'Launch a fragile sculpture that knocks enemies back and blocks enemy attacks for 1.5s. When it breaks, a cone of icicles shoots forward to deal 20 damage and inflict Chill.', 0, 15, 25, 0.2, 'Wall', '/Images/Skills/Ice_crown.png');
INSERT INTO Skill (SkillName, ChampionName, Keybinding, Description, EnergyGain, Cooldown, EnergyCost, CastTime, SkillType, Image) VALUES ('Ice Block', 'Alysia', 'LSHIFT + Q', 'Encase target ally within ice for 3.5s, making them immune to disables and blocking up to 40 damage. They can\'t move or use abilities while encased and heal for 30 health over the duration.', 0, 9, 25, 0.1, 'Shield', '/Images/Skills/Ice_block.png');
INSERT INTO Skill (SkillName, ChampionName, Keybinding, Description, EnergyGain, Cooldown, EnergyCost, CastTime, SkillType, Image) VALUES ('Snow Cone', 'Alysia', 'LSHIFT + E', 'Channel a cone of cold snow that deals 24 damage and inflicts Chill over the duration. Inflicts Freeze instead when a target is fully Chilled. The damage affects targets with Freeze directly.', 0, 9, 25, 0.4, 'AoE', '/Images/Skills/Snow_cone.png');
INSERT INTO Skill (SkillName, ChampionName, Keybinding, Description, EnergyGain, Cooldown, EnergyCost, CastTime, SkillType, Image) VALUES ('Frozen Gallery', 'Alysia', 'F', 'Mark a path of frost in front of you. After a 0.9s delay, the path deals 35 damage and inflicts Freeze to enemies hit, turning them into beautiful statues.', 0, 1, 100, 0.35, 'AoE', '/Images/Skills/Frozen_gallery.png');

INSERT INTO Skill (SkillName, ChampionName, Keybinding, Description, EnergyGain, Cooldown, EnergyCost, CastTime, SkillType, Image) VALUES ('Fireball', 'Ashka', 'LMB', 'Launch a Fireball that deals 15 damage. Reapplies Ignite on impact.', 7, 0.3, 0, 0.4, 'Projectile', '/Images/Skills/Fireball.png');
INSERT INTO Skill (SkillName, ChampionName, Keybinding, Description, EnergyGain, Cooldown, EnergyCost, CastTime, SkillType, Image) VALUES ('Fire Storm', 'Ashka', 'RMB', 'Launch 3 Fire Storm projectiles. Each projectile deals 16 damage and Ignites the enemy.', 7, 7, 0, 1, 'Projectile', '/Images/Skills/Fire_storm.png');
INSERT INTO Skill (SkillName, ChampionName, Keybinding, Description, EnergyGain, Cooldown, EnergyCost, CastTime, SkillType, Image) VALUES ('Searing Flight', 'Ashka', 'SPACE', 'Transform into fire and fly to target location dealing 10 damage to nearby enemies.', 5, 8, 0, 0.4, 'Mobility', '/Images/Skills/Searing_flight.png');
INSERT INTO Skill (SkillName, ChampionName, Keybinding, Description, EnergyGain, Cooldown, EnergyCost, CastTime, SkillType, Image) VALUES ('Flamestrike', 'Ashka', 'Q', 'Engulf an area in flames dealing 20 area damage and Stunning enemies.', 5, 8, 0, 0.4, 'AoE', '/Images/Skills/Flamestrike.png');
INSERT INTO Skill (SkillName, ChampionName, Keybinding, Description, EnergyGain, Cooldown, EnergyCost, CastTime, SkillType, Image) VALUES ('Molten Fist', 'Ashka', 'E', 'Turn into a fist of magma and dash forward. Inflicts Snare and knocks the enemy back.', 6, 9, 0, 0.2, 'Mobility', '/Images/Skills/Molten_fist.png');
INSERT INTO Skill (SkillName, ChampionName, Keybinding, Description, EnergyGain, Cooldown, EnergyCost, CastTime, SkillType, Image) VALUES ('Firewall', 'Ashka', 'R', 'Summon a firewall at target location. The wall blocks projectiles and Ignites enemies that pass through it.', 0, 20, 25, 0.1, 'AoE, Summon', '/Images/Skills/Firewall.png');
INSERT INTO Skill (SkillName, ChampionName, Keybinding, Description, EnergyGain, Cooldown, EnergyCost, CastTime, SkillType, Image) VALUES ('Searing Fire', 'Ashka', 'LSHIFT + SPACE', 'Transform into Pure Fire and travel to target location dealing 10 damage to nearby enemies.', 0, 9, 50, 0.1, 'Mobility', '/Images/Skills/Searing_flight.png');
INSERT INTO Skill (SkillName, ChampionName, Keybinding, Description, EnergyGain, Cooldown, EnergyCost, CastTime, SkillType, Image) VALUES ('Molten Chains', 'Ashka', 'LSHIFT + Q', 'Give rise to a lava stream inflicting Petrify on surrounding enemies.', 0, 8, 25, 0.5, 'AoE', '/Images/Skills/Molten_chains.png');
INSERT INTO Skill (SkillName, ChampionName, Keybinding, Description, EnergyGain, Cooldown, EnergyCost, CastTime, SkillType, Image) VALUES ('Infernal Scorch', 'Ashka', 'F', 'Transform into a fire elemental and dash forward dealing 36 damage and Igniting enemies. Scorches the ground below you dealing 4 damage every 0.5s.', 0, 1, 100, 0.1, 'AoE, Mobility', '/Images/Skills/Infernal_scorch.png');

INSERT INTO Skill (SkillName, ChampionName, Keybinding, Description, EnergyGain, Cooldown, EnergyCost, CastTime, SkillType, Image) VALUES ('Power Blaster', 'Destiny', 'LMB', 'Projectile attack that deals 16 damage. Successful hits reduces the cooldown of Charged Bolt by 1s.', 7, 0.35, 0, 0.3, 'Projectile', '/Images/Skills/Power_blaster.png');
INSERT INTO Skill (SkillName, ChampionName, Keybinding, Description, EnergyGain, Cooldown, EnergyCost, CastTime, SkillType, Image) VALUES ('Charged Bolt', 'Destiny', 'RMB', 'Hold to charge a projectile for up to 1.2s to increase damage and distance. The projectile deals 8-32 damage and inflicts Spell Block.', 10, 7, 0, 1.2, 'Projectile', '/Images/Skills/Charged_bolt.png');
INSERT INTO Skill (SkillName, ChampionName, Keybinding, Description, EnergyGain, Cooldown, EnergyCost, CastTime, SkillType, Image) VALUES ('Magnetic Orb', 'Destiny', 'SPACE','Compress yourself into an orb to dispel movement impairing effects and increase movement speed by 125%. Deals 16 damage to the first enemy you hit and knocks them back.', 4, 9, 0, 1.2, 'Mobility', '/Images/Skills/Magnetic_orb.png');
INSERT INTO Skill (SkillName, ChampionName, Keybinding, Description, EnergyGain, Cooldown, EnergyCost, CastTime, SkillType, Image) VALUES ('Sky Strike', 'Destiny', 'Q', 'Counter the next melee or projectile attack. Countering an attack vaults you into the air and fires a plasma blast that deals 22 damage and knocks enemies back. Jump towards moves move direction when attack ends.', 5, 9, 0, 0.1, 'Counter', '/Images/Skills/Sky_strike.png');
INSERT INTO Skill (SkillName, ChampionName, Keybinding, Description, EnergyGain, Cooldown, EnergyCost, CastTime, SkillType, Image) VALUES ('Plasma Wall', 'Destiny', 'E', 'Deploy a Plasma Wall at target location. The barrier reduces projectile speed and snares enemies that pass through it.', 0, 10, 0, 0.1, 'Shield, Debuff', '/Images/Skills/Plasma_wall.png');
INSERT INTO Skill (SkillName, ChampionName, Keybinding, Description, EnergyGain, Cooldown, EnergyCost, CastTime, SkillType, Image) VALUES ('Mega Sphere', 'Destiny', 'R', 'Fire a huge energy sphere towards target location. Hitting the Mega Sphere with Power Blaster or Charged Bolt causes an explosion, dealing the fired projectile\'s effects to all nearby enemies along with 14 bonus damage and inflicting Fading Snare.', 0, 15, 25, 0.1, 'AoE', '/Images/Skills/Mega_sphere.png');
INSERT INTO Skill (SkillName, ChampionName, Keybinding, Description, EnergyGain, Cooldown, EnergyCost, CastTime, SkillType, Image) VALUES ('Transform Weapon', 'Destiny', 'LSHIFT + LMB', 'Transform your blaster into a defensive form and gain a Shield. The blaster deals 6 damage to enemies and grants a Shield to allies. Successful hits to any target grant you additional Shield.', 0, 5, 25, 0.1, 'Mobility, AoE', '/Images/Skills/Transform_weapon.png');
INSERT INTO Skill (SkillName, ChampionName, Keybinding, Description, EnergyGain, Cooldown, EnergyCost, CastTime, SkillType, Image) VALUES ('Lockdown', 'Destiny', 'LSHIFT + E', 'Deploy a Plasma Prison at target location. The prison inflicts Stun to enemies that pass through its wall.', 0, 10, 25, 0.1, 'Debuff', '/Images/Skills/Lockdown.png');
INSERT INTO Skill (SkillName, ChampionName, Keybinding, Description, EnergyGain, Cooldown, EnergyCost, CastTime, SkillType, Image) VALUES ('Pinball', 'Destiny', 'F', 'Compress yourself into an orb and dash forward at supersonic speed. Deals 40 damage and inflicts Stun to enemies hit. Bounces off walls up to a total of 3 times.', 0, 1, 100, 0.8, 'AoE, Mobility', '/Images/Skills/Pinball.png');

INSERT INTO Skill (SkillName, ChampionName, Keybinding, Description, EnergyGain, Cooldown, EnergyCost, CastTime, SkillType, Image) VALUES ('Arcane Fire', 'Ezmo', 'LMB', 'Launch a bolt of arcane fire that deals 8 damage.', 4, 0.05, 0, 0.1, 'Projectile', '/Images/Skills/Arcane_fire.png');
INSERT INTO Skill (SkillName, ChampionName, Keybinding, Description, EnergyGain, Cooldown, EnergyCost, CastTime, SkillType, Image) VALUES ('Chaos Grip', 'Ezmo', 'RMB','Hold to charge a projectile for up to 1.3s to increase damage and distance. The projectile deals 12-20 damage, knocks nearby enemies back and pulls enemies far away towards you.', 8, 8, 0, 0.4, 'Projectile', '/Images/Skills/Chaos_grip.png');
INSERT INTO Skill (SkillName, ChampionName, Keybinding, Description, EnergyGain, Cooldown, EnergyCost, CastTime, SkillType, Image) VALUES ('Displace', 'Ezmo', 'SPACE', 'Turn into arcane energy, travel to target location and recharge Arcane Fire. Can be recasted.', 0, 8, 0, 0.1, 'Mobility', '/Images/Skills/Displace.png');
INSERT INTO Skill (SkillName, ChampionName, Keybinding, Description, EnergyGain, Cooldown, EnergyCost, CastTime, SkillType, Image) VALUES ('Arcane Barrier', 'Ezmo', 'Q', 'Negate projectile and melee attacks in front of you. Negating attacks recharges Arcane Fire. You receive 1 charge per 10 damage absorbed or 1 charge for each none damaging source.', 0, 8, 0, 0.1, 'Block', '/Images/Skills/Arcane_barrier.png');
INSERT INTO Skill (SkillName, ChampionName, Keybinding, Description, EnergyGain, Cooldown, EnergyCost, CastTime, SkillType, Image) VALUES ('Shackle', 'Ezmo', 'E', 'Strike an area to deal 8 area damage and Root enemies in place.', 5, 8, 0, 1, 'AoE', '/Images/Skills/Shackle.png');
INSERT INTO Skill (SkillName, ChampionName, Keybinding, Description, EnergyGain, Cooldown, EnergyCost, CastTime, SkillType, Image) VALUES ('Tome of Destruction', 'Ezmo', 'R', 'Summon the Tome of Destruction at target location. The tome mimics your Arcane Fire attacks.', 0, 15, 25, 0.3, 'Summon', '/Images/Skills/Tome_of_destruction.png');
INSERT INTO Skill (SkillName, ChampionName, Keybinding, Description, EnergyGain, Cooldown, EnergyCost, CastTime, SkillType, Image) VALUES ('Siphon Life', 'Ezmo', 'LSHIFT + LMB', 'Channel a beam that deals 32 damage and drains 32 health.', 0, 1, 50, 0.2, 'Channel', '/Images/Skills/Siphon_life.png');
INSERT INTO Skill (SkillName, ChampionName, Keybinding, Description, EnergyGain, Cooldown, EnergyCost, CastTime, SkillType, Image) VALUES ('Arcane Ward', 'Ezmo', 'LSHIFT + Q', 'Shield a target ally. Shield absorbs up to 24 damage and restores up to 6 weapon charges if destroyed by damage.', 0, 8, 25, 0.1, 'Shield', '/Images/Skills/Arcane_ward.png');
INSERT INTO Skill (SkillName, ChampionName, Keybinding, Description, EnergyGain, Cooldown, EnergyCost, CastTime, SkillType, Image) VALUES ('Grimoire of Chaos', 'Ezmo', 'F', 'Throw the Grimoire of Chaos to target location. The power of the grimoire draws nearby enemies towards it. It explodes after 2s dealing 55 damage.', 0, 1, 100, 0.3, 'AoE', '/Images/Skills/Grimoire_of_chaos.png');

INSERT INTO Skill (SkillName, ChampionName, Keybinding, Description, EnergyGain, Cooldown, EnergyCost, CastTime, SkillType, Image) VALUES ('Boomstick', 'Iva', 'LMB', 'Fire 4 bullets in a cone, each dealing 4 damage.', 8, 0.25, 0, 0.3, 'Projectile', '/Images/Skills/Boomstick.png');
INSERT INTO Skill (SkillName, ChampionName, Keybinding, Description, EnergyGain, Cooldown, EnergyCost, CastTime, SkillType, Image) VALUES ('ROCKET X-67', 'Iva', 'RMB', 'Launch a rocket that deals 26 damage on impact and 12 area damage. The explosion Ignites enemies affected by Oil.', 9, 4, 0, 0.7, 'Projectile', '/Images/Skills/Rocket_X-67.png');
INSERT INTO Skill (SkillName, ChampionName, Keybinding, Description, EnergyGain, Cooldown, EnergyCost, CastTime, SkillType, Image) VALUES ('Jet Pack', 'Iva', 'SPACE', 'Fire up your Jet Pack and travel towards target location. Inflicts Oil on enemies below you.', 0, 8, 0, 0.1, 'Mobility', '/Images/Skills/Jet_pack.png');
INSERT INTO Skill (SkillName, ChampionName, Keybinding, Description, EnergyGain, Cooldown, EnergyCost, CastTime, SkillType, Image) VALUES ('Zap', 'Iva', 'Q', 'Remove all negative effects and Shield a target ally. Shield absorbs up to 28 damage and increases movement speed by 30%.', 0, 12, 0, 0.1, 'Shield', '/Images/Skills/Zap.png');
INSERT INTO Skill (SkillName, ChampionName, Keybinding, Description, EnergyGain, Cooldown, EnergyCost, CastTime, SkillType, Image) VALUES ('Tazer', 'Iva', 'E', 'Fire a shot that interrupts the next ability cast and dispels all positive effects. Inflicts Stun when an ability is interrupted.', 7, 8, 0, 0.3, 'Projectile, Dispel', '/Images/Skills/Tazer.png');
INSERT INTO Skill (SkillName, ChampionName, Keybinding, Description, EnergyGain, Cooldown, EnergyCost, CastTime, SkillType, Image) VALUES ('Tractor Beam', 'Iva', 'R', 'Channel a beam that drags enemies towards your position while rendering you immune to melee and projectile attacks from that direction.', 0, 15, 25, 0.2, 'Channel', '/Images/Skills/Tractor_beam.png');
INSERT INTO Skill (SkillName, ChampionName, Keybinding, Description, EnergyGain, Cooldown, EnergyCost, CastTime, SkillType, Image) VALUES ('Flame Thrower', 'Iva', 'LSHIFT + LMB', 'Channel a flame thrower that deals 50 damage and Ignites enemies affected by Oil.', 0, 0.3, 50, 0.3, 'Channel', '/Images/Skills/Flame_thrower.png');
INSERT INTO Skill (SkillName, ChampionName, Keybinding, Description, EnergyGain, Cooldown, EnergyCost, CastTime, SkillType, Image) VALUES ('Concussion Shot', 'Iva', 'LSHIFT + E', 'Fire a shock shell that deals 10 damage and inflicts Incapacitate.', 0, 8, 25, 0.5, 'Projectile', '/Images/Skills/Concussion_shot.png');
INSERT INTO Skill (SkillName, ChampionName, Keybinding, Description, EnergyGain, Cooldown, EnergyCost, CastTime, SkillType, Image) VALUES ('Machine Gun', 'Iva', 'F', 'Fire a series of piercing projectiles dealing a total of 140 damage.', 0, 1, 100, 0.1, 'Projectile', '/Images/Skills/Machine_gun.png');

INSERT INTO Skill (SkillName, ChampionName, Keybinding, Description, EnergyGain, Cooldown, EnergyCost, CastTime, SkillType, Image) VALUES ('Revolver Shot', 'Jade', 'LMB', 'Fire a revolver shot dealing 6 damage.', 3, 0, 0, 0.07, 'Projectile', '/Images/Skills/Revolver_shot.png');
INSERT INTO Skill (SkillName, ChampionName, Keybinding, Description, EnergyGain, Cooldown, EnergyCost, CastTime, SkillType, Image) VALUES ('Snipe', 'Jade', 'RMB','Fire a piercing bullet that deals 38 damage and inflicts Stun.', 14, 6, 0, 1.6, 'Projectile', '/Images/Skills/Snipe.png');
INSERT INTO Skill (SkillName, ChampionName, Keybinding, Description, EnergyGain, Cooldown, EnergyCost, CastTime, SkillType, Image) VALUES ('Blast Vault', 'Jade', 'SPACE','Detonate a grenade that launches you into the air. The explosion deals 12 damage and inflicts Stun on nearby enemies.', 14, 9, 0, 0.2, 'Mobility', '/Images/Skills/Blast_vault.png');
INSERT INTO Skill (SkillName, ChampionName, Keybinding, Description, EnergyGain, Cooldown, EnergyCost, CastTime, SkillType, Image) VALUES ('Stealth', 'Jade', 'Q','Turn invisible and gain Fading Haste. Removes movement impairing effects.', 0, 10, 0, 0.1, 'Cloak', '/Images/Skills/Stealth.png');
INSERT INTO Skill (SkillName, ChampionName, Keybinding, Description, EnergyGain, Cooldown, EnergyCost, CastTime, SkillType, Image) VALUES ('Disabling Shot', 'Jade', 'E','Fire a shot that inflicts Snare and interrupts the next ability cast. Inflicts Silence when an ability is interrupted.', 7, 8, 0, 0.2, 'Projectile', '/Images/Skills/Disabling_shot.png');
INSERT INTO Skill (SkillName, ChampionName, Keybinding, Description, EnergyGain, Cooldown, EnergyCost, CastTime, SkillType, Image) VALUES ('Junk Shot', 'Jade', 'R','Fire piercing bullets in a cone dealing 18 damage and knocking enemies back.', 0, 15, 25, 0.35, 'Projectile', '/Images/Skills/Junk_shot.png');
INSERT INTO Skill (SkillName, ChampionName, Keybinding, Description, EnergyGain, Cooldown, EnergyCost, CastTime, SkillType, Image) VALUES ('Snap Shot', 'Jade', 'LSHIFT + RMB','Fire a piercing bullet that deals 12 damage and inflicts Root.', 0, 6, 25, 0.4, 'Projectile', '/Images/Skills/Snipe.png');
INSERT INTO Skill (SkillName, ChampionName, Keybinding, Description, EnergyGain, Cooldown, EnergyCost, CastTime, SkillType, Image) VALUES ('Smoke Veil', 'Jade', 'LSHIFT + Q','Enter Stealth, gain a Fading Haste and grant all nearby allies a Shield that absorbs up to 32 damage.', 0, 10, 25, 0.1, 'AoE', '/Images/Skills/Stealth.png');
INSERT INTO Skill (SkillName, ChampionName, Keybinding, Description, EnergyGain, Cooldown, EnergyCost, CastTime, SkillType, Image) VALUES ('Explosive Shells', 'Jade', 'F','Fire a series of explosive shells dealing a total of 112 impact damage and 64 area damage.', 0, 1, 100, 0.6, 'Projectile', '/Images/Skills/Explosive_shells.png');

INSERT INTO Skill (SkillName, ChampionName, Keybinding, Description, EnergyGain, Cooldown, EnergyCost, CastTime, SkillType, Image) VALUES ('Hunting Arrow', 'Jumong', 'LMB', 'Fire an arrow that deals 16 damage. Successful hits charges your bow. A fully charged bow enables you to recast Steady Shot, Black Arrow or Rain Of Arrows .', 9, 0.25, 0, 0.45, 'Projectile', '/Images/Skills/Hunting_arrow.png');
INSERT INTO Skill (SkillName, ChampionName, Keybinding, Description, EnergyGain, Cooldown, EnergyCost, CastTime, SkillType, Image) VALUES ('Steady Shot', 'Jumong', 'RMB', 'Projectile attack that deals 28 damage.', 12, 6, 0, 1, 'Projectile', '/Images/Skills/Steady_shot.png');
INSERT INTO Skill (SkillName, ChampionName, Keybinding, Description, EnergyGain, Cooldown, EnergyCost, CastTime, SkillType, Image) VALUES ('Black Arrow', 'Jumong', 'SPACE', 'Dash towards move direction and fire an arrow that deals 8 damage.', 6, 8, 0, 0.2, 'Mobility', '/Images/Skills/Black_arrow.png');
INSERT INTO Skill (SkillName, ChampionName, Keybinding, Description, EnergyGain, Cooldown, EnergyCost, CastTime, SkillType, Image) VALUES ('Rain of Arrows', 'Jumong', 'Q', 'Fire arrows that rain down at target location dealing 20 damage over 2s and Snaring enemies. The first hit inflicts Seeker\'s Mark.', 6, 9, 0, 0.3, 'AoE', '/Images/Skills/Rain_of_arrows.png');
INSERT INTO Skill (SkillName, ChampionName, Keybinding, Description, EnergyGain, Cooldown, EnergyCost, CastTime, SkillType, Image) VALUES ('Bear Trap', 'Jumong', 'E', 'Place a trap that inflicts Root on all nearby enemies when the trap is triggered.', 5, 8, 0, 0.25, 'Summon', '/Images/Skills/Bear_trap.png');
INSERT INTO Skill (SkillName, ChampionName, Keybinding, Description, EnergyGain, Cooldown, EnergyCost, CastTime, SkillType, Image) VALUES ('Prowl', 'Jumong', 'R', 'You become immaterial, movement speed increases by 100% and all movement impairing effects are removed. Running into an enemy inflicts Seeker\'s Mark.', 0, 15, 25, 0.1, 'Mobility', '/Images/Skills/Prowl.png');
INSERT INTO Skill (SkillName, ChampionName, Keybinding, Description, EnergyGain, Cooldown, EnergyCost, CastTime, SkillType, Image) VALUES ('Guided Arrow', 'Jumong', 'LSHIFT + LMB', 'Fire an arrow that bounces up to 3 times. Deals 6/6/6 damage, heals self for 6/6/6 health and inflicts Seeker\'s Mark on each hit.', 0, 12, 25, 0.1, 'Projectile', '/Images/Skills/Guided_arrow.png');
INSERT INTO Skill (SkillName, ChampionName, Keybinding, Description, EnergyGain, Cooldown, EnergyCost, CastTime, SkillType, Image) VALUES ('Seekers Arrow', 'Jumong', 'LSHIFT + RMB', 'Fire a piercing arrow that turns to hit the same target again after impact dealing 12/12/12 damage. Each hit charges your weapon.', 0, 1, 25, 0.6, 'Projectile', '/Images/Skills/Seekers_arrow.png');
INSERT INTO Skill (SkillName, ChampionName, Keybinding, Description, EnergyGain, Cooldown, EnergyCost, CastTime, SkillType, Image) VALUES ('Dragon Slayer', 'Jumong', 'F', 'Hold to charge an arrow for up to 2s to increase its damage and travel distance. The arrow deals 45-60 damage and pulls the target hit with it. Pulling a target into an enemy or into a wall deals 30 damage to the enemy hit and stuns both targets for 1.2s.', 0, 1, 100, 0.9, 'Projectile', '/Images/Skills/Dragon_slayer.png');

INSERT INTO Skill (SkillName, ChampionName, Keybinding, Description, EnergyGain, Cooldown, EnergyCost, CastTime, SkillType, Image) VALUES ('Razor Boomerang', 'Taya', 'LMB', 'Throws a piercing boomerang that deals 14 damage and returns upon reaching maximum distance.', 6, 0, 0, 0.3, 'Projectile', '/Images/Skills/Razor_boomerang.png');
INSERT INTO Skill (SkillName, ChampionName, Keybinding, Description, EnergyGain, Cooldown, EnergyCost, CastTime, SkillType, Image) VALUES ('X Strike', 'Taya', 'RMB', 'Throw two boomerangs in arc. Each boomerang deals 14 damage. Inflicts Stun on the way out and deals 6 bonus damage if you hit both boomerangs at max range.', 4, 6, 0, 0.7, 'Projectile', '/Images/Skills/X_strike.png');
INSERT INTO Skill (SkillName, ChampionName, Keybinding, Description, EnergyGain, Cooldown, EnergyCost, CastTime, SkillType, Image) VALUES ('Haste', 'Taya', 'SPACE', 'Removes all movement impairing effects and increases movement speed by 80%. Razor Boomerang deals increases damage when Haste is active.', 0, 9, 0, 0.1, 'Mobility', '/Images/Skills/Haste.png');
INSERT INTO Skill (SkillName, ChampionName, Keybinding, Description, EnergyGain, Cooldown, EnergyCost, CastTime, SkillType, Image) VALUES ('Wind Strike', 'Taya', 'Q', 'Spinning attack that deals 12 damage and knocks nearby enemies away.', 5, 9, 0, 0.2, 'AoE', '/Images/Skills/Wind_strike.png');
INSERT INTO Skill (SkillName, ChampionName, Keybinding, Description, EnergyGain, Cooldown, EnergyCost, CastTime, SkillType, Image) VALUES ('Wind Bomb', 'Taya', 'E', 'Throw a Wind Bomb to target location that pulls nearby enemies towards the center of the impact and inflicts Fading Snare.', 0, 10, 0, 0.2, 'AoE', '/Images/Skills/Wind_bomb.png');
INSERT INTO Skill (SkillName, ChampionName, Keybinding, Description, EnergyGain, Cooldown, EnergyCost, CastTime, SkillType, Image) VALUES ('Tornado', 'Taya', 'R', 'Target ally is swept up into the air and becomes unhittable. Ally is tossed out of the Tornado when the effect ends.', 0, 15, 25, 0.1, 'Mobility', '/Images/Skills/Tornado.png');
INSERT INTO Skill (SkillName, ChampionName, Keybinding, Description, EnergyGain, Cooldown, EnergyCost, CastTime, SkillType, Image) VALUES ('Spinning Boomerang', 'Taya', 'LSHIFT + RMB', 'Throw a boomerang that deals 16 damage. The boomerang returns after a short delay dealing 24 damage and inflicting Stun on enemies hit.', 0, 6, 25, 0.4, 'Projectile', '/Images/Skills/X_strike.png');
INSERT INTO Skill (SkillName, ChampionName, Keybinding, Description, EnergyGain, Cooldown, EnergyCost, CastTime, SkillType, Image) VALUES ('Zephyr', 'Taya', 'LSHIFT + Q', 'Dash forward and perform a spin attack that deals 16 damage and knocks nearby enemies away.', 0, 9, 25, 0.1, 'AoE, Mobility', '/Images/Skills/Wind_strike.png');
INSERT INTO Skill (SkillName, ChampionName, Keybinding, Description, EnergyGain, Cooldown, EnergyCost, CastTime, SkillType, Image) VALUES ('Companion Call', 'Taya', 'F', 'Your mount rushes towards you from target location dealing 26 damage to enemies in its path. You are granted a shield and instantly mount when it reaches you. As long as the shield holds you cannot be demounted and you can throw empowered Razor Boomerangs.', 0, 1, 100, 0.1, 'Mobility, Summon', '/Images/Skills/Companion_call.png');

INSERT INTO Skill (SkillName, ChampionName, Keybinding, Description, EnergyGain, Cooldown, EnergyCost, CastTime, SkillType, Image) VALUES ('Hand of Corruption', 'Varesh', 'LMB', 'Fire a projectile that deals 14 damage, heals self for 2 health and inflicts Corruption.', 8, 0.5, 0, 0.35, 'Projectile', '/Images/Skills/Hand_of_corruption.png');
INSERT INTO Skill (SkillName, ChampionName, Keybinding, Description, EnergyGain, Cooldown, EnergyCost, CastTime, SkillType, Image) VALUES ('Hand of Judgement', 'Varesh', 'RMB', 'Fire a projectile that deals 22 damage and inflicts Judgement.', 10, 1.5, 0, 0.9, 'Projectile', '/Images/Skills/Hand_of_judgement.png');
INSERT INTO Skill (SkillName, ChampionName, Keybinding, Description, EnergyGain, Cooldown, EnergyCost, CastTime, SkillType, Image) VALUES ('Inhibitors Guard', 'Varesh', 'SPACE', 'Shield a target ally. Shield absorbs up to 28 damage.', 0, 11, 0, 0.1, 'Shield', '/Images/Skills/Inhibitors_guard.png');
INSERT INTO Skill (SkillName, ChampionName, Keybinding, Description, EnergyGain, Cooldown, EnergyCost, CastTime, SkillType, Image) VALUES ('Wuju', 'Varesh', 'Q', 'Counter the next melee or projectile attack. Countering an attack teleports you to a new location and knocks away enemies. Consumes Judgement to deal 8 bonus damage and to Silence the target. Consumes Corruption to heal you for 8 health and to Snare the target.', 0, 8, 0, 0.1, 'Counter', '/Images/Skills/Wuju.png');
INSERT INTO Skill (SkillName, ChampionName, Keybinding, Description, EnergyGain, Cooldown, EnergyCost, CastTime, SkillType, Image) VALUES ('Shatter', 'Varesh', 'E', 'Spawn an exploding shard at target location dealing 12 area damage. Consumes Corruption to heal you for 8 health and to Snare the target. Consumes Judgement to deal 8 bonus damage and to Silence the target.', 5, 5, 0, 0.3, 'AoE', '/Images/Skills/Shatter.png');
INSERT INTO Skill (SkillName, ChampionName, Keybinding, Description, EnergyGain, Cooldown, EnergyCost, CastTime, SkillType, Image) VALUES ('Reform', 'Varesh', 'R', 'Dash forward in a target direction and spawn a Shatter shard at each enemy you pass through.', 0, 15, 25, 0.2, 'Mobility', '/Images/Skills/Reform.png');
INSERT INTO Skill (SkillName, ChampionName, Keybinding, Description, EnergyGain, Cooldown, EnergyCost, CastTime, SkillType, Image) VALUES ('Hand of Punishment', 'Varesh', 'LSHIFT + RMB', 'Fire a projectile that deals 16 damage, and heals you for 6 health and inflicts both Judgement and Corruption.', 0, 1.5, 25, 0.4, 'Projectile', '/Images/Skills/Hand_of_judgement.png');
INSERT INTO Skill (SkillName, ChampionName, Keybinding, Description, EnergyGain, Cooldown, EnergyCost, CastTime, SkillType, Image) VALUES ('Crush', 'Varesh', 'LSHIFT + E', 'Spawn an exploding shard at the target location dealing 12 area damage and knocking enemies back. Consumes Judgement to deal 8 bonus damage and to Silence the target. Consumes Corruption to heal you for 8 health and to Snare the target.', 0, 5, 25, 0.3, 'AoE', '/Images/Skills/Shatter.png');
INSERT INTO Skill (SkillName, ChampionName, Keybinding, Description, EnergyGain, Cooldown, EnergyCost, CastTime, SkillType, Image) VALUES ('Powers Combined', 'Varesh', 'F', 'Dash forward in target direction dealing 24 damage and inflicting both Judgement and Corruption on all enemies hit. This effect repeats itself up to 3 times as long as an enemy is hit.', 0, 1, 100, 0.8, 'AoE, Mobility', '/Images/Skills/Powers_combined.png');

INSERT INTO Skill (SkillName, ChampionName, Keybinding, Description, EnergyGain, Cooldown, EnergyCost, CastTime, SkillType, Image) VALUES ('War Axe', 'Bakko', 'LMB', 'Swing your axe to deal 9 damage. Successful hits charges your axe and reduces the cooldown of Blood Axe by 0.5s. Each charge increases the power of Blood Axe.', 6, 0, 0, 0.35, 'Melee', '/Images/Skills/War_axe.png');
INSERT INTO Skill (SkillName, ChampionName, Keybinding, Description, EnergyGain, Cooldown, EnergyCost, CastTime, SkillType, Image) VALUES ('Blood Axe', 'Bakko', 'RMB', 'Throw an axe that deals 16 damage. Deals 4 bonus damage for each weapon charge.', 6, 3.5, 0, 0.5, 'Projectile', '/Images/Skills/Blood_axe.png');
INSERT INTO Skill (SkillName, ChampionName, Keybinding, Description, EnergyGain, Cooldown, EnergyCost, CastTime, SkillType, Image) VALUES ('Valiant Leap', 'Bakko', 'SPACE', 'Leap into the air and strike down upon your enemies dealing 22 damage and inflicting Snare.', 5, 9, 0, 0.1, 'Mobility', '/Images/Skills/Valiant_leap.png');
INSERT INTO Skill (SkillName, ChampionName, Keybinding, Description, EnergyGain, Cooldown, EnergyCost, CastTime, SkillType, Image) VALUES ('Bulwark', 'Bakko', 'Q', 'Put up your shield and block incoming attacks. Reflects enemy projectiles and inflicts Stun on enemy melee attackers.', 0, 8, 0, 0.1, 'Block, Reflect', '/Images/Skills/Bulwark.png');
INSERT INTO Skill (SkillName, ChampionName, Keybinding, Description, EnergyGain, Cooldown, EnergyCost, CastTime, SkillType, Image) VALUES ('Shield Dash', 'Bakko', 'E', 'Dash forward and push an enemy in front of you. Pushing an enemy into a wall deals 16 damage.', 6, 8, 0, 0.2, 'Mobility', '/Images/Skills/Shield_dash.png');
INSERT INTO Skill (SkillName, ChampionName, Keybinding, Description, EnergyGain, Cooldown, EnergyCost, CastTime, SkillType, Image) VALUES ('War Shout', 'Bakko', 'R', 'Let loose a War Shout that shields all nearby allies absorbing up to 40 damage.', 0, 15, 25, 0.15, 'AoE, Shield', '/Images/Skills/War_shout.png');
INSERT INTO Skill (SkillName, ChampionName, Keybinding, Description, EnergyGain, Cooldown, EnergyCost, CastTime, SkillType, Image) VALUES ('War Stomp', 'Bakko', 'LSHIFT + SPACE', 'Leap into the air and strike down upon your enemies dealing 8 damage and inflicting Incapacitate.', 0, 9, 25, 0.1, 'Mobility', '/Images/Skills/Valiant_leap.png');
INSERT INTO Skill (SkillName, ChampionName, Keybinding, Description, EnergyGain, Cooldown, EnergyCost, CastTime, SkillType, Image) VALUES ('Shield Slam', 'Bakko', 'LSHIFT + E', 'Dash forward and slam an enemy dealing 12 damage, knocking it back and inflicting Fading Snare.', 0, 8, 25, 0.2, 'Mobility', '/Images/Skills/Shield_dash.png');
INSERT INTO Skill (SkillName, ChampionName, Keybinding, Description, EnergyGain, Cooldown, EnergyCost, CastTime, SkillType, Image) VALUES ('Heroic Charge', 'Bakko', 'F', 'Rush forward and grab an enemy dealing 35 damage and pushing it in front of you. Deals 28 area damage and inflicts Stun when reaching max distance or when colliding with a wall or another enemy.', 0, 1, 100, 0.1, 'AoE, Mobility', '/Images/Skills/Heroic_charge.png');

INSERT INTO Skill (SkillName, ChampionName, Keybinding, Description, EnergyGain, Cooldown, EnergyCost, CastTime, SkillType, Image) VALUES ('Blade Flurry', 'Croak', 'LMB', 'Strike with your blades to deal 8 damage. Frog Leap and Camouflage increase the attack speed for a limited amount of strikes.', 4, 0, 0, 0.25, 'Melee', '/Images/Skills/Blade_flurry.png');
INSERT INTO Skill (SkillName, ChampionName, Keybinding, Description, EnergyGain, Cooldown, EnergyCost, CastTime, SkillType, Image) VALUES ('Toxin Muck', 'Croak', 'RMB', 'Spit toxin muck at target location. Deals 6 damage, inflicts Toxin and heals you for 6 health.', 5, 6, 0, 0.2, 'AoE', '/Images/Skills/Toxin_muck.png');
INSERT INTO Skill (SkillName, ChampionName, Keybinding, Description, EnergyGain, Cooldown, EnergyCost, CastTime, SkillType, Image) VALUES ('Frog Leap', 'Croak', 'SPACE', 'Leap attack and strike with your blades to deal 20 damage in front of you. Can be recast.', 5, 10, 0, 0.1, 'Mobility', '/Images/Skills/Frog_leap.png');
INSERT INTO Skill (SkillName, ChampionName, Keybinding, Description, EnergyGain, Cooldown, EnergyCost, CastTime, SkillType, Image) VALUES ('Camouflage', 'Croak', 'Q', 'Turn invisible and gain Fading Haste. Blade Flurry attacks made from Camouflage inflict Stun. Camouflage fades when an ability is used. Removes negative effects.', 0, 8, 0, 0.1, 'Cloak', '/Images/Skills/Camouflage.png');
INSERT INTO Skill (SkillName, ChampionName, Keybinding, Description, EnergyGain, Cooldown, EnergyCost, CastTime, SkillType, Image) VALUES ('Noxious Lunge', 'Croak', 'E', 'Lunge forward, piercing through enemies dealing 12 damage.', 4, 9, 0, 0.2, 'Mobility', '/Images/Skills/Noxious_lunge.png');
INSERT INTO Skill (SkillName, ChampionName, Keybinding, Description, EnergyGain, Cooldown, EnergyCost, CastTime, SkillType, Image) VALUES ('Toxin Blades', 'Croak', 'R', 'When activated your Blade Flurry attacks deal 2 bonus damage, heal you for 2 health, and inflict Toxin.', 0, 15, 25, 0.1, 'Self Buff', '/Images/Skills/Toxin_blades.png');
INSERT INTO Skill (SkillName, ChampionName, Keybinding, Description, EnergyGain, Cooldown, EnergyCost, CastTime, SkillType, Image) VALUES ('Sludge Spit', 'Croak', 'LSHIFT + RMB', 'Projectile attack the deals 10 damage, inflicts Toxin and reduces sight range by 80%.', 0, 6, 25, 0.3, 'Projectile', '/Images/Skills/Sludge_spit.png');
INSERT INTO Skill (SkillName, ChampionName, Keybinding, Description, EnergyGain, Cooldown, EnergyCost, CastTime, SkillType, Image) VALUES ('Deceit', 'Croak', 'LSHIFT + Q', 'Turn invisible and gain Fading Haste. Blade Flurry attacks made from Deceit inflict Incapacitate and cause you to enter Camouflage. Deceit fades when an ability is used. Removes negative effects.', 0, 8, 25, 0.1, 'Cloak', '/Images/Skills/Camouflage.png');
INSERT INTO Skill (SkillName, ChampionName, Keybinding, Description, EnergyGain, Cooldown, EnergyCost, CastTime, SkillType, Image) VALUES ('Venom Wind', 'Croak', 'F', 'Dash forward in the shape of a venomous wind, piercing through enemies inflicting Venom.', 0, 1, 100, 0.1, 'AoE, Mobility', '/Images/Skills/Venom_wind.png');

INSERT INTO Skill (SkillName, ChampionName, Keybinding, Description, EnergyGain, Cooldown, EnergyCost, CastTime, SkillType, Image) VALUES ('Bash', 'Freya', 'LMB', 'Strike with your maces to deal 10 damage. Deals 2 bonus damage if target is affected by Static.', 5, 0, 0, 0.3, 'Melee', '/Images/Skills/Bash.png');
INSERT INTO Skill (SkillName, ChampionName, Keybinding, Description, EnergyGain, Cooldown, EnergyCost, CastTime, SkillType, Image) VALUES ('Storm Mace', 'Freya', 'RMB', 'Projectile attack that deals 12 damage and inflicts Static, enemy is knocked back if already affected by Static. Knocking an enemy into a wall Incapacitates it.', 6, 3, 0, 0.3, 'Projectile', '/Images/Skills/Storm_mace.png');
INSERT INTO Skill (SkillName, ChampionName, Keybinding, Description, EnergyGain, Cooldown, EnergyCost, CastTime, SkillType, Image) VALUES ('Spring', 'Freya', 'SPACE', 'Leap towards target location and gain increased movement speed. Your next Bash deals 6 bonus damage.', 0, 8, 0 ,0.1, 'Mobility', '/Images/Skills/Spring.png');
INSERT INTO Skill (SkillName, ChampionName, Keybinding, Description, EnergyGain, Cooldown, EnergyCost, CastTime, SkillType, Image) VALUES ('Electric Shield', 'Freya', 'Q', 'Counter incoming melee and projectile attacks. Inflicts Static and pulls enemies towards you while you gain a Shield when you successfully counter an attack.', 6, 8, 0, 0.1, 'Counter', '/Images/Skills/Electric_shield.png');
INSERT INTO Skill (SkillName, ChampionName, Keybinding, Description, EnergyGain, Cooldown, EnergyCost, CastTime, SkillType, Image) VALUES ('Thunderclap', 'Freya', 'E', 'Jump into the air and slam your mace into the ground. Deals 12 damage and inflicts Static in an area. Deals 6 bonus damage to enemies with Static.', 5, 7, 0, 0.1, 'AoE', '/Images/Skills/Thunderclap.png');
INSERT INTO Skill (SkillName, ChampionName, Keybinding, Description, EnergyGain, Cooldown, EnergyCost, CastTime, SkillType, Image) VALUES ('Charged Strike', 'Freya', 'R', 'Melee attack that deals 14 damage and grants a Shield. Consumes Static from enemies increasing the power of the Shield.', 0, 15, 25, 0.25, 'Cleave', '/Images/Skills/Charged_strike.png');
INSERT INTO Skill (SkillName, ChampionName, Keybinding, Description, EnergyGain, Cooldown, EnergyCost, CastTime, SkillType, Image) VALUES ('Shock Vault', 'Freya', 'LSHIFT + SPACE', 'Leap towards target location and gain increased movement speed. Your next Bash deals 8 bonus damage and inflicts Static and a 2s Fading Snare.', 0, 8, 25, 0.1, 'Mobility', '/Images/Skills/Shock_vault.png');
INSERT INTO Skill (SkillName, ChampionName, Keybinding, Description, EnergyGain, Cooldown, EnergyCost, CastTime, SkillType, Image) VALUES ('Thunderslam', 'Freya', 'LSHIFT + E', 'Jump into the air and slam your mace into the ground. Deals 12 damage, inflicts Static and Fading Snare in a line. Deals 6 bonus damage to enemies with Static.', 0, 7, 25, 0.1, 'AoE', '/Images/Skills/Thunderslam.png');
INSERT INTO Skill (SkillName, ChampionName, Keybinding, Description, EnergyGain, Cooldown, EnergyCost, CastTime, SkillType, Image) VALUES ('Lightning Strike', 'Freya', 'F', 'Leap high into the air striking down upon your enemies. Deals 45 damage and inflicts Static. Deals 15 bonus damage if the enemy is already affected by Static.', 0, 2, 100, 0.1, 'AoE, Mobility', '/Images/Skills/Lightning_strike.png');

INSERT INTO Skill (SkillName, ChampionName, Keybinding, Description, EnergyGain, Cooldown, EnergyCost, CastTime, SkillType, Image) VALUES ('Sword SLash', 'Raigon', 'LMB', 'Strike with your sword to deal 10 damage. Successful hits charges your weapon and reduces the cooldown of Retribution by 1s. Each charge increases the power of Retribution.', 6, 0, 0, 0.35, 'Melee', '/Images/Skills/Sword_slash.png');
INSERT INTO Skill (SkillName, ChampionName, Keybinding, Description, EnergyGain, Cooldown, EnergyCost, CastTime, SkillType, Image) VALUES ('Retribution', 'Raigon', 'RMB', 'Dash forward and strike to deal 11 damage and leech 9 health. Deals 3 bonus damage and leeches 2 bonus health per weapon charge.', 7, 5, 0, 0.1, 'Melee', '/Images/Skills/Retribution.png');
INSERT INTO Skill (SkillName, ChampionName, Keybinding, Description, EnergyGain, Cooldown, EnergyCost, CastTime, SkillType, Image) VALUES ('Heavenly Strike', 'Raigon', 'SPACE', 'Leap and strike with your sword to deal 20 damage in front of you upon landing.', 7, 8, 0, 0.1, 'Mobility', '/Images/Skills/Heavenly_strike.png');
INSERT INTO Skill (SkillName, ChampionName, Keybinding, Description, EnergyGain, Cooldown, EnergyCost, CastTime, SkillType, Image) VALUES ('Parry', 'Raigon', 'Q', 'Deflect up to 5 attacks. Melee attacks trigger a Counterattack and projectiles are redirected towards your aim direction.', 7, 9, 0, 0.1, 'Counter', '/Images/Skills/Parry.png');
INSERT INTO Skill (SkillName, ChampionName, Keybinding, Description, EnergyGain, Cooldown, EnergyCost, CastTime, SkillType, Image) VALUES ('Seismic Shock', 'Raigon', 'E', 'Sunder the earth with your blade in a forward slash, dealing 10 and launching struck enemy up in the air for 1.4s.', 7, 9, 0 ,0.8, 'Melee', '/Images/Skills/Seismic_shock.png');
INSERT INTO Skill (SkillName, ChampionName, Keybinding, Description, EnergyGain, Cooldown, EnergyCost, CastTime, SkillType, Image) VALUES ('Dragon Palm', 'Raigon', 'R', 'Dash forward and palm strike an enemy. Deals 8 damage and knocks the enemy back, inflicting a Fading Snare. Knocking an enemy into a wall inflicts 10 additional damage.', 0, 15, 25, 0.2, 'AoE', '/Images/Skills/Dragon_palm.png');
INSERT INTO Skill (SkillName, ChampionName, Keybinding, Description, EnergyGain, Cooldown, EnergyCost, CastTime, SkillType, Image) VALUES ('Slicing Wind', 'Raigon', 'LSHIFT + LMB', 'Infuse your blade with determination, causing your next 2 Sword Slashes to send forth Slicing Winds. Deals 10 damage to enemies and heals you for 14 health.', 0, 0, 25, 0.5, 'Melee', '/Images/Skills/Slicing_wind.png');
INSERT INTO Skill (SkillName, ChampionName, Keybinding, Description, EnergyGain, Cooldown, EnergyCost, CastTime, SkillType, Image) VALUES ('Tectonic Shock', 'Raigon', 'LSHIFT + E', 'Cleave the earth with your blade in a forward slash, dealing 10 damage and launching struck enemy up in the air for 1s. Inflicts Incapacitate for 2s upon landing.', 0, 9, 25, 0.6, 'AoE', '/Images/Skills/Tectonic_shock.png');
INSERT INTO Skill (SkillName, ChampionName, Keybinding, Description, EnergyGain, Cooldown, EnergyCost, CastTime, SkillType, Image) VALUES ('Wrath of the Tiger', 'Raigon', 'F', 'Dash and strike an enemy, dealing 20 damage. Upon hit, slash all enemies in an area around you, dealing up to 84 damage over 3s. When the duration ends or upon Recast, dash towards your aim direction.', 0, 1, 100, 0.8, 'AoE', '/Images/Skills/Wrath_of_the_tiger.png');

INSERT INTO Skill (SkillName, ChampionName, Keybinding, Description, EnergyGain, Cooldown, EnergyCost, CastTime, SkillType, Image) VALUES ('Pummel', 'Rook', 'LMB', 'Strike in melee to deal 10 damage. Successful hits reduces the cooldown of Crushing Blow by 0.5s.', 6, 0, 0, 0.35, 'Melee', '/Images/Skills/Pummel.png');
INSERT INTO Skill (SkillName, ChampionName, Keybinding, Description, EnergyGain, Cooldown, EnergyCost, CastTime, SkillType, Image) VALUES ('Crushing Blow', 'Rook', 'RMB', 'Jump into the air and slam your mace into the ground. Deals 16 damage and inflicts Armor Break to enemies in the area.', 5, 7, 0, 0.1, 'Cleave', '/Images/Skills/Crushing_blow.png');
INSERT INTO Skill (SkillName, ChampionName, Keybinding, Description, EnergyGain, Cooldown, EnergyCost, CastTime, SkillType, Image) VALUES ('Rush', 'Rook', 'SPACE', 'Rush forward and slam into an enemy. Deals 12-24 damage and inflicts Stun. Damage increases with travel distance.', 7, 8, 0, 0.7, 'Mobility', '/Images/Skills/Rush.png');
INSERT INTO Skill (SkillName, ChampionName, Keybinding, Description, EnergyGain, Cooldown, EnergyCost, CastTime, SkillType, Image) VALUES ('Berserk', 'Rook', 'Q', 'Counter the next melee or projectile attack. Enter a berserk rage when you successfully counter an attack increasing your attack speed, movement speed and making you temporarily invulnerable.', 0, 8, 0, 0.1, 'Counter', '/Images/Skills/Berserk.png');
INSERT INTO Skill (SkillName, ChampionName, Keybinding, Description, EnergyGain, Cooldown, EnergyCost, CastTime, SkillType, Image) VALUES ('Boulder Toss', 'Rook', 'E', 'Toss a boulder that deals 16 area damage and knocks enemies hit back.', 5, 6, 0, 0.4, 'AoE', '/Images/Skills/Boulder_smash.png');
INSERT INTO Skill (SkillName, ChampionName, Keybinding, Description, EnergyGain, Cooldown, EnergyCost, CastTime, SkillType, Image) VALUES ('Smack', 'Rook', 'R', 'Smack enemies with your meat to deal 12 damage and knock them back. Knocking an enemy into a wall inflicts Incapacitate.', 0, 15, 25, 0.3, 'Cleave', '/Images/Skills/Smack.png');
INSERT INTO Skill (SkillName, ChampionName, Keybinding, Description, EnergyGain, Cooldown, EnergyCost, CastTime, SkillType, Image) VALUES ('Eat', 'Rook', 'LSHIFT + LMB', 'Eat your meat and restore 16 health plus 24 health over 4s. Nomnomnomnom!', 0, 1, 25, 0.4, 'Self Buff', '/Images/Skills/Eat.png');
INSERT INTO Skill (SkillName, ChampionName, Keybinding, Description, EnergyGain, Cooldown, EnergyCost, CastTime, SkillType, Image) VALUES ('Meat Bolt', 'Rook', 'LSHIFT + RMB', 'Throw a Meat Bolt that deals 24 damage and inflicts Snare.', 0, 7, 25, 0.5, 'Projectile', '/Images/Skills/Crushing_blow.png');
INSERT INTO Skill (SkillName, ChampionName, Keybinding, Description, EnergyGain, Cooldown, EnergyCost, CastTime, SkillType, Image) VALUES ('Tremor', 'Rook', 'F', 'Jump into the air and slam your hammer into the ground 3 times. The shockwave deals 24 / 30 / 36 damage.', 0, 1, 100, 0.1, 'AoE', '/Images/Skills/Tremor.png');

INSERT INTO Skill (SkillName, ChampionName, Keybinding, Description, EnergyGain, Cooldown, EnergyCost, CastTime, SkillType, Image) VALUES ('Defiled Blade', 'Ruh Kaan', 'LMB', 'Strike to deal damage to an enemy. Deals 6 bonus damage, heals self for 12 health and inflicts Curse if weapon is charged. Your weapon charges over time.', 5, 0, 0, 0.35, 'Melee', '/Images/Skills/Defiled_blade.png');
INSERT INTO Skill (SkillName, ChampionName, Keybinding, Description, EnergyGain, Cooldown, EnergyCost, CastTime, SkillType, Image) VALUES ('Shadowbolt', 'Ruh Kaan', 'RMB', 'Launch a shadowy bolt of energy that deals 30 damage', 6, 8, 0, 0.1, 'Projectile', '/Images/Skills/Shadowbolt.png');
INSERT INTO Skill (SkillName, ChampionName, Keybinding, Description, EnergyGain, Cooldown, EnergyCost, CastTime, SkillType, Image) VALUES ('Sinister Strike', 'Ruh Kaan', 'SPACE', 'Dash attack that deals 16 area damage.', 6, 8, 0, 0.1, 'Mobility', '/Images/Skills/Sinister_strike.png');
INSERT INTO Skill (SkillName, ChampionName, Keybinding, Description, EnergyGain, Cooldown, EnergyCost, CastTime, SkillType, Image) VALUES ('Consume', 'Ruh Kaan', 'Q', 'Negate projectile and melee attacks in front of you inflicting Snare on enemy melee attackers. Negating an attack charges your weapon and resets the cooldown of Shadowbolt.', 0, 8, 0, 0.1, 'Block', '/Images/Skills/Consume.png');
INSERT INTO Skill (SkillName, ChampionName, Keybinding, Description, EnergyGain, Cooldown, EnergyCost, CastTime, SkillType, Image) VALUES ('Claw of the Wicked', 'Ruh Kaan', 'E', 'Launch a claw that drains 10 health and pulls an enemy towards you.', 7, 7, 0, 0.4, 'Projectile', '/Images/Skills/Claw_of_the_wicked.png');
INSERT INTO Skill (SkillName, ChampionName, Keybinding, Description, EnergyGain, Cooldown, EnergyCost, CastTime, SkillType, Image) VALUES ('Nether Void', 'Ruh Kaan', 'R', 'Warp to target location and unleash a shadow blast that inflicts Curse on all nearby enemies.', 0, 15, 25, 0.1, 'Mobility', '/Images/Skills/Nether_void.png');
INSERT INTO Skill (SkillName, ChampionName, Keybinding, Description, EnergyGain, Cooldown, EnergyCost, CastTime, SkillType, Image) VALUES ('Reaping Scythe', 'Ruh Kaan', 'LSHIFT + SPACE', 'Consume the life force of nearby enemies dealing 30 damage and leeching 30 health over 1.8s.', 0, 15, 25, 0.2, 'AoE', '/Images/Skills/Reaping_scythe.png');
INSERT INTO Skill (SkillName, ChampionName, Keybinding, Description, EnergyGain, Cooldown, EnergyCost, CastTime, SkillType, Image) VALUES ('Claw of the Undying', 'Ruh Kaan', 'LSHIFT + E', 'Launch a claw that heals an ally for 24 health and pulls it towards you.', 0, 7, 25, 0.3, 'Projectile', '/Images/Skills/Claw_of_the_undying.png');
INSERT INTO Skill (SkillName, ChampionName, Keybinding, Description, EnergyGain, Cooldown, EnergyCost, CastTime, SkillType, Image) VALUES ('Shadow Beast', 'Ruh Kaan', 'F', 'Transform into a shadow beast. Replaces Defiled Blade with a cleave attack and Shadowbolt with a powerful projectile attack. Your other abilities, except Sinister Strike, are disabled when shapeshifting.', 0, 1, 100, 0.6, 'Self Buff', '/Images/Skills/Shadow_beast.png');
INSERT INTO Skill (SkillName, ChampionName, Keybinding, Description, EnergyGain, Cooldown, EnergyCost, CastTime, SkillType, Image) VALUES ('Fang of the Faceless', 'Ruh Kaan', 'LMB', 'Swing your fangs in a direction, deals 20 damage and leeches 16 health. Active: During Shadow Beast', 0, 0, 0, 0.6, 'Cleave', '/Images/Skills/Fang_of_the_faceless.png');
INSERT INTO Skill (SkillName, ChampionName, Keybinding, Description, EnergyGain, Cooldown, EnergyCost, CastTime, SkillType, Image) VALUES ('Shadow Claw', 'Ruh Kaan', 'RMB', 'Lauch a claw that deals 20 damage, leeches 16 health and pulls an enemy towards you. Active: During Shadow Beast', 0, 0, 0, 0.6, 'Projectile', '/Images/Skills/Claw_of_the_wicked.png');

INSERT INTO Skill (SkillName, ChampionName, Keybinding, Description, EnergyGain, Cooldown, EnergyCost, CastTime, SkillType, Image) VALUES ('Spear Slash', 'Shifu', 'LMB', 'Strike with your spear to deal 10 damage. Successful hits charges your weapon. Each charge increases the damage of Impale', 5, 0, 0, 0.35, 'Melee', '/Images/Skills/Spear_slash.png');
INSERT INTO Skill (SkillName, ChampionName, Keybinding, Description, EnergyGain, Cooldown, EnergyCost, CastTime, SkillType, Image) VALUES ('Impale', 'Shifu', 'RMB', 'Thrust your spear in a line to deal 9 damage to all enemies hit and 5 bonus damage per weapon charge. Deals less damage to multiple enemies.', 6, 2, 0, 0.3, 'Cleave', '/Images/Skills/Impale.png');
INSERT INTO Skill (SkillName, ChampionName, Keybinding, Description, EnergyGain, Cooldown, EnergyCost, CastTime, SkillType, Image) VALUES ('Fleetfoot', 'Shifu', 'SPACE', 'You become temporarily immaterial and your movement speed is increased by 35%. Removes negative effects.', 0, 11, 0, 0.1, 'Mobility', '/Images/Skills/Fleetfoot.png');
INSERT INTO Skill (SkillName, ChampionName, Keybinding, Description, EnergyGain, Cooldown, EnergyCost, CastTime, SkillType, Image) VALUES ('Kunju', 'Shifu', 'Q', 'Counter the next melee or projectile attack. Heal yourself for 16 health, you become Immaterial and teleport behind your enemy when you counter an attack. Your next Spear Slash deals bonus damage.', 0, 8, 0, 0.1, 'Counter', '/Images/Skills/Kunju.png');
INSERT INTO Skill (SkillName, ChampionName, Keybinding, Description, EnergyGain, Cooldown, EnergyCost, CastTime, SkillType, Image) VALUES ('Javelin', 'Shifu', 'E', 'Throw a javelin that deals 10 damage and leap towards the enemy. Javelin can be used to pull yourself to a wall.', 8, 10, 0, 0.35, 'Projectile', '/Images/Skills/Javelin.png');
INSERT INTO Skill (SkillName, ChampionName, Keybinding, Description, EnergyGain, Cooldown, EnergyCost, CastTime, SkillType, Image) VALUES ('Tendon Swing', 'Shifu', 'R', 'Swing your spear in a cone to deal 12 damage and inflict Incapacitate on all enemies in the area.', 0, 15, 25, 0.4, 'Cleave', '/Images/Skills/Tendon_swing.png');
INSERT INTO Skill (SkillName, ChampionName, Keybinding, Description, EnergyGain, Cooldown, EnergyCost, CastTime, SkillType, Image) VALUES ('Tempest Rush', 'Shifu', 'LSHIFT + SPACE', 'You become temporarily immaterial, your movement speed is increased by 50%, and your Spear Slash hits heal you for a flat amount. You also deal less damage during this effect.', 0, 11, 25, 0.1, 'Mobility', '/Images/Skills/Tempest_rush.png');
INSERT INTO Skill (SkillName, ChampionName, Keybinding, Description, EnergyGain, Cooldown, EnergyCost, CastTime, SkillType, Image) VALUES ('Harpoon', 'Shifu', 'LSHIFT + E', 'Throw a harpoon that deals damage and drags the enemy towards you and inflicts Snare. Harpoon can be used to pull yourself to a wall.', 0, 10, 25, 0.35, 'Projectile', '/Images/Skills/Harpoon.png');
INSERT INTO Skill (SkillName, ChampionName, Keybinding, Description, EnergyGain, Cooldown, EnergyCost, CastTime, SkillType, Image) VALUES ('Whirlwind', 'Shifu', 'F', 'Spin into a whirlwind dance that deals 112 damage over 3s to nearby enemies, as well as granting you a Shield.', 0, 1, 100, 0.2, 'AoE', '/Images/Skills/Whirlwind.png');

INSERT INTO Skill (SkillName, ChampionName, Keybinding, Description, EnergyGain, Cooldown, EnergyCost, CastTime, SkillType, Image) VALUES ('Root Claw', 'Thorn', 'LMB', 'Swing your claws to deal 12 damage. Every third hit is a Root Grip that heals you for 8 health and pulls enemies closer.', 7, 0.15, 0, 0.4, 'Projectile', '/Images/Skills/Root_claw.png');
INSERT INTO Skill (SkillName, ChampionName, Keybinding, Description, EnergyGain, Cooldown, EnergyCost, CastTime, SkillType, Image) VALUES ('Leeching Thorns', 'Thorn', 'RMB', 'Launch 2 leeching thorns, each dealing 12 damage and inflicting Thorns.', 6, 6, 0, 0.6, 'Projectile', '/Images/Skills/Leeching_thorns.png');
INSERT INTO Skill (SkillName, ChampionName, Keybinding, Description, EnergyGain, Cooldown, EnergyCost, CastTime, SkillType, Image) VALUES ('Burrow', 'Thorn', 'SPACE', 'Burrow into the ground and emerge from beneath after duration or upon recast, dealing 14 damage and inflicting Stun to enemies hit. Increases movement speed by 100% and removes any movement impairing effects.', 7, 8, 0, 0.1, 'Mobility', '/Images/Skills/Burrow.png');
INSERT INTO Skill (SkillName, ChampionName, Keybinding, Description, EnergyGain, Cooldown, EnergyCost, CastTime, SkillType, Image) VALUES ('Evil Clutch', 'Thorn', 'Q', 'Grow roots from the ground and pull them towards you, dragging along any enemies in their path and dealing 12 damage', 5, 8, 0, 0.3, 'AoE', '/Images/Skills/Evil_clutch.png');
INSERT INTO Skill (SkillName, ChampionName, Keybinding, Description, EnergyGain, Cooldown, EnergyCost, CastTime, SkillType, Image) VALUES ('Entangling Roots', 'Thorn', 'E', 'Send whirling roots forward, dealing 8 damage and entangling target enemy, healing you for 16 health over 2.5s. Entangled target is granted a shield and is unable to move or cast abilities. Breaking the shield ends the effect.', 8, 10, 0, 0.7, 'Projectile', '/Images/Skills/Entangling_roots.png');
INSERT INTO Skill (SkillName, ChampionName, Keybinding, Description, EnergyGain, Cooldown, EnergyCost, CastTime, SkillType, Image) VALUES ('Barbed Husk', 'Thorn', 'R', 'Shield a target ally, guarding them from damage and disables. Projectile and melee attacks absorbed by Barbed Husk trigger a volley of thorns that deals 12 damage to nearby enemies. While shielded, the target is unable to move or use abilities.', 0, 15, 25, 0.1, 'AoE, Shield', '/Images/Skills/Barbed_husk.png');
INSERT INTO Skill (SkillName, ChampionName, Keybinding, Description, EnergyGain, Cooldown, EnergyCost, CastTime, SkillType, Image) VALUES ('Thorn Barrage', 'Thorn', 'LSHIFT + RMB', 'Launch 4 thorns, each dealing 10 damage and inflicting Thorns.', 0, 6, 25, 0.6, 'Projectile', '/Images/Skills/Thorn_barrage.png');
INSERT INTO Skill (SkillName, ChampionName, Keybinding, Description, EnergyGain, Cooldown, EnergyCost, CastTime, SkillType, Image) VALUES ('Root Network', 'Thorn', 'LSHIFT + SPACE', 'Burrow yourself and nearby allies into the ground and emerge beneath your enemies dealing 14 and inflicting Stun.', 0, 8, 25, 0.1, 'Mobility, AoE', '/Images/Skills/Root_network.png');
INSERT INTO Skill (SkillName, ChampionName, Keybinding, Description, EnergyGain, Cooldown, EnergyCost, CastTime, SkillType, Image) VALUES ('Dead Roots', 'Thorn', 'F', 'Burrow and travel to target location, dealing 16 damage and leaving a trail of dead roots behind you. Dead Roots block projectiles, inflict Snare, and deal 56 damage over duration.', 0, 1, 100, 0.7, 'AoE, Mobility', '/Images/Skills/Dead_roots.png');

INSERT INTO Skill (SkillName, ChampionName, Keybinding, Description, EnergyGain, Cooldown, EnergyCost, CastTime, SkillType, Image) VALUES ('Thwack!', 'Blossom', 'LMB', 'Throw an infused acorn that deals 10 damage. Deals 20 damage and inflicts Snare if weapon is fully charged.', 7, 0.6, 0, 0.3, 'Projectile', '/Images/Skills/Thwack.png');
INSERT INTO Skill (SkillName, ChampionName, Keybinding, Description, EnergyGain, Cooldown, EnergyCost, CastTime, SkillType, Image) VALUES ('Nourish', 'Blossom', 'RMB', 'Summon the vitalizing powers of nature to heal nearest ally for 11 health. Applies Butterflies.', 5, 3.5, 0, 0.45, 'Heal', '/Images/Skills/Nourish.png');
INSERT INTO Skill (SkillName, ChampionName, Keybinding, Description, EnergyGain, Cooldown, EnergyCost, CastTime, SkillType, Image) VALUES ('Hop', 'Blossom', 'SPACE', 'Hop towards target location and avoid incoming attacks. Grants invisibility, 20% increased movement speed and removes movement impairing effects upon landing. Invisibility fades when an ability is used', 0, 9, 0, 0.1, 'Mobility', '/Images/Skills/Hop.png');
INSERT INTO Skill (SkillName, ChampionName, Keybinding, Description, EnergyGain, Cooldown, EnergyCost, CastTime, SkillType, Image) VALUES ('Tree of Life', 'Blossom', 'Q', 'Summon an immovable Tree of Life sapling that heals nearby allies for 10 health and an additional 36 health over 6s.', 0, 10, 0, 0.1, 'AoE, Summon', '/Images/Skills/Tree_of_life.png');
INSERT INTO Skill (SkillName, ChampionName, Keybinding, Description, EnergyGain, Cooldown, EnergyCost, CastTime, SkillType, Image) VALUES ('Boom Bloom', 'Blossom', 'E', 'Launch a Boom Bloom seed that deals 15 damage. The seed will take root and bloom after a short delay to inflict Stun on all nearby enemies.', 10, 8, 0, 0.7, 'AoE', '/Images/Skills/Boom_bloom.png');
INSERT INTO Skill (SkillName, ChampionName, Keybinding, Description, EnergyGain, Cooldown, EnergyCost, CastTime, SkillType, Image) VALUES ('Gust', 'Blossom', 'R', 'Summon a barrier of wind that pushes enemies away, and reflects projectiles.', 0, 15, 25, 0.1, 'AoE', '/Images/Skills/Gust.png');
INSERT INTO Skill (SkillName, ChampionName, Keybinding, Description, EnergyGain, Cooldown, EnergyCost, CastTime, SkillType, Image) VALUES ('Tag', 'Blossom', 'LSHIFT + SPACE', 'Dash forward and avoid incoming attacks. Hitting an enemy deals 20 damage and knocks them back. Grants invisibility, 20% increased movement speed and removes movement impairing effects upon landing. Invisibility fades when an ability is used.', 0, 9, 25, 0.5, 'Mobility', '/Images/Skills/Tag.png');
INSERT INTO Skill (SkillName, ChampionName, Keybinding, Description, EnergyGain, Cooldown, EnergyCost, CastTime, SkillType, Image) VALUES ('Forest Sanctuary', 'Blossom', 'LSHIFT + Q', 'Summon an immovable Forest Guardian sapling that absorbs all the damage taken by nearby allies over 6s.', 0, 10, 25, 0.1, 'AoE, Summon', '/Images/Skills/Forest_sanctuary.png');
INSERT INTO Skill (SkillName, ChampionName, Keybinding, Description, EnergyGain, Cooldown, EnergyCost, CastTime, SkillType, Image) VALUES ('Dance of the Dryads', 'Blossom', 'F', 'Launch into the air and unleash 3 waves of energy upon landing. Each wave deals 20 damage and inflicts Weaken to enemies struck.', 0, 0, 100, 0.1, 'Projectile', '/Images/Skills/Dance_of_the_dryads.png');

INSERT INTO Skill (SkillName, ChampionName, Keybinding, Description, EnergyGain, Cooldown, EnergyCost, CastTime, SkillType, Image) VALUES ('Toxic Bolt', 'Lucie', 'LMB', 'Projectile attack that deals 12 damage and inflicts Toxic.', 6, 0.55, 0, 0.4, 'Projectile', '/Images/Skills/Toxic_bolt.png'); 
INSERT INTO Skill (SkillName, ChampionName, Keybinding, Description, EnergyGain, Cooldown, EnergyCost, CastTime, SkillType, Image) VALUES ('Healing Potion', 'Lucie', 'RMB', 'Throw a potion that heals the nearest ally for 14 health and applies Revitalize. Recharges faster for each nearby ally.', 6, 5, 0, 0.5, 'Heal', '/Images/Skills/Healing_potion.png'); 
INSERT INTO Skill (SkillName, ChampionName, Keybinding, Description, EnergyGain, Cooldown, EnergyCost, CastTime, SkillType, Image) VALUES ('Barrier', 'Lucie', 'SPACE', 'Shield a target ally. Barrier absorbs up to 50 damage.', 0, 11, 0, 0.1, 'Shield', '/Images/Skills/Barrier.png'); 
INSERT INTO Skill (SkillName, ChampionName, Keybinding, Description, EnergyGain, Cooldown, EnergyCost, CastTime, SkillType, Image) VALUES ('Clarity Potion', 'Lucie', 'Q', 'Throw a Clarity Potion to target location knocking nearby enemies away. The impact also removes positive effects from enemies and negative effects from allies.', 0, 8, 0, 0.15, 'AoE, Dispel', '/Images/Skills/Clarity_potion.png'); 
INSERT INTO Skill (SkillName, ChampionName, Keybinding, Description, EnergyGain, Cooldown, EnergyCost, CastTime, SkillType, Image) VALUES ('Panic Flask', 'Lucie', 'E', 'Throw a flask dealing 12 damage and cause target to Panic.', 12, 10, 0, 0.7, 'Projectile', '/Images/Skills/Panic_flask.png'); 
INSERT INTO Skill (SkillName, ChampionName, Keybinding, Description, EnergyGain, Cooldown, EnergyCost, CastTime, SkillType, Image) VALUES ('Roll', 'Lucie', 'R', 'Roll forward and avoid incoming attacks.', 0, 15, 25, 0.1, 'Mobility', '/Images/Skills/Roll.png'); 
INSERT INTO Skill (SkillName, ChampionName, Keybinding, Description, EnergyGain, Cooldown, EnergyCost, CastTime, SkillType, Image) VALUES ('Deadly Injection', 'Lucie', 'LSHIFT + LMB', 'Fire a bolt inflicting Deadly Injection on an enemy hit.', 0, 1, 25, 0.4, 'Projectile', '/Images/Skills/Deadly_injection.png'); 
INSERT INTO Skill (SkillName, ChampionName, Keybinding, Description, EnergyGain, Cooldown, EnergyCost, CastTime, SkillType, Image) VALUES ('Petrify Bolt', 'Lucie', 'LSHIFT + E', 'Fire an exploding bolt that inflicts Petrify on enemies in the area.', 0, 10, 25, 0.5, 'Projectile', '/Images/Skills/Panic_flask.png'); 
INSERT INTO Skill (SkillName, ChampionName, Keybinding, Description, EnergyGain, Cooldown, EnergyCost, CastTime, SkillType, Image) VALUES ('Crippling Goo', 'Lucie', 'F', 'Throw a vial of mixed chemicals to target location dealing 18 impact damage and Snaring enemies. Covers the ground in a crippling goo that deals 80 damage over a short duration.', 0, 1, 100, 0.1, 'AoE', '/Images/Skills/Crippling_goo.png'); 

INSERT INTO Skill (SkillName, ChampionName, Keybinding, Description, EnergyGain, Cooldown, EnergyCost, CastTime, SkillType, Image) VALUES ('Sands of Time', 'Oldur', 'LMB', 'Launch a projectile that deals 12 damage and inflicts Sands of Time. Target takes 8 additional damage after 3.5s.', 7, 0.45, 0, 0.4, 'Projectile', '/Images/Skills/Sands_of_time.png');
INSERT INTO Skill (SkillName, ChampionName, Keybinding, Description, EnergyGain, Cooldown, EnergyCost, CastTime, SkillType, Image) VALUES ('Rejuvenating Sand', 'Oldur', 'RMB', 'Throw rejuvenating sand that heals the nearest ally for 14 health. Recharges faster for each nearby ally.', 6, 5, 0, 0.5, 'Heal', '/Images/Skills/Rejuvenating_sand.png');
INSERT INTO Skill (SkillName, ChampionName, Keybinding, Description, EnergyGain, Cooldown, EnergyCost, CastTime, SkillType, Image) VALUES ('Shifting Sands', 'Oldur', 'SPACE', 'Turn into sand and travel in target direction. Allies passed through are healed for 12 health and enemies are dealt 8 damage.', 5, 10, 0, 0.1, 'Mobility', '/Images/Skills/Shifting_sands.png');
INSERT INTO Skill (SkillName, ChampionName, Keybinding, Description, EnergyGain, Cooldown, EnergyCost, CastTime, SkillType, Image) VALUES ('Time Bender', 'Oldur', 'Q', 'Negate projectile and melee attacks in front of you. Enemy melee attackers are knocked back and the first negated projectile will linger on within your hourglass, which you can launch by recasting this ability.', 0, 8, 0, 0.1, 'Block', '/Images/Skills/Time_bender.png');
INSERT INTO Skill (SkillName, ChampionName, Keybinding, Description, EnergyGain, Cooldown, EnergyCost, CastTime, SkillType, Image) VALUES ('Quicksand', 'Oldur', 'E', 'Throw an Hourglass to target location that explodes, dealing 16 damage and inflicting Fading Snare. Consumes Sands of Time, dealing all damage instantly.', 5, 7, 0, 0.3, 'AoE', '/Images/Skills/Quicksand.png');
INSERT INTO Skill (SkillName, ChampionName, Keybinding, Description, EnergyGain, Cooldown, EnergyCost, CastTime, SkillType, Image) VALUES ('Stone Glass', 'Oldur', 'R', 'Area attack that inflicts Stone Glass and knocks the target back.', 0, 15, 25, 0.5, 'Cleave', '/Images/Skills/Stone_glass.png');
INSERT INTO Skill (SkillName, ChampionName, Keybinding, Description, EnergyGain, Cooldown, EnergyCost, CastTime, SkillType, Image) VALUES ('Chronobolt', 'Oldur', 'LSHIFT + LMB', 'Launch a projectile that deals 16 damage and knocks target back. Consumes Sands of Time, dealing all damage instantly.', 0, 0.2, 25, 0.5, 'Projectile', '/Images/Skills/Sands_of_time.png');
INSERT INTO Skill (SkillName, ChampionName, Keybinding, Description, EnergyGain, Cooldown, EnergyCost, CastTime, SkillType, Image) VALUES ('Chronoflux', 'Oldur', 'LSHIFT + Q', 'Place a time rift at target location. The rift reduces movement speed and reflects projectiles.', 0, 8, 25, 0.1, 'AoE, Reflect', '/Images/Skills/Chronoflux.png');
INSERT INTO Skill (SkillName, ChampionName, Keybinding, Description, EnergyGain, Cooldown, EnergyCost, CastTime, SkillType, Image) VALUES ('Time Travel', 'Oldur', 'LMB', 'Target ally\'s cooldowns are accelerated by 25%. Target is removed from the fight for a short duration before reappearing at target location, inflicting Stun on all nearby enemies for 2s.', 0, 1, 100, 0.1, 'Mobility', '/Images/Skills/Time_travel.png');

INSERT INTO Skill (SkillName, ChampionName, Keybinding, Description, EnergyGain, Cooldown, EnergyCost, CastTime, SkillType, Image) VALUES ('Volatile Water', 'Pearl', 'LMB', 'Launch a projectile that deals 15 damage. Deals 22 damage and Silences the enemy if your staff is fully charged.', 7, 0.4, 0, 0.35, 'Projectile', '/Images/Skills/Volatile_water.png');
INSERT INTO Skill (SkillName, ChampionName, Keybinding, Description, EnergyGain, Cooldown, EnergyCost, CastTime, SkillType, Image) VALUES ('Healing Wave', 'Pearl', 'RMB', 'Channel a healing wave that heals the nearest ally for 21 health over 0.45s. Recharges faster for each nearby ally.', 6, 5, 0, 0.4, 'Heal', '/Images/Skills/Healing_wave.png');
INSERT INTO Skill (SkillName, ChampionName, Keybinding, Description, EnergyGain, Cooldown, EnergyCost, CastTime, SkillType, Image) VALUES ('Dive', 'Pearl', 'SPACE', 'Dive into a pool of water and travel to target location. Recharges your staff.', 0, 10, 0, 0.1, 'Mobility', '/Images/Skills/Dive.png');
INSERT INTO Skill (SkillName, ChampionName, Keybinding, Description, EnergyGain, Cooldown, EnergyCost, CastTime, SkillType, Image) VALUES ('Tidal Wave', 'Pearl', 'Q', 'Counter the next melee or projectile attack causing a tidal wave that deals 16 damage and knocks nearby enemies back. The wave also heals you for 16 health.', 7, 8, 0, 0.1, 'Counter', '/Images/Skills/Tidal_wave.png');
INSERT INTO Skill (SkillName, ChampionName, Keybinding, Description, EnergyGain, Cooldown, EnergyCost, CastTime, SkillType, Image) VALUES ('Bubble Barrier', 'Pearl', 'E', 'Spawn a bubble barrier at target location that slows enemy projectiles and enemies that enter the space.', 0, 10, 0, 0.2, 'AoE', '/Images/Skills/Bubble_barrier.png');
INSERT INTO Skill (SkillName, ChampionName, Keybinding, Description, EnergyGain, Cooldown, EnergyCost, CastTime, SkillType, Image) VALUES ('Bubble Shield', 'Pearl', 'R', 'Shield target ally removing all negative effects. Shield absorbs up to 30 damage.', 0, 15, 25, 0.1, 'Shield', '/Images/Skills/Bubble_shield.png');
INSERT INTO Skill (SkillName, ChampionName, Keybinding, Description, EnergyGain, Cooldown, EnergyCost, CastTime, SkillType, Image) VALUES ('Overflow', 'Pearl', 'LSHIFT + LMB', 'Recharges your weapon.', 0, 0.9, 25, 0.4, 'Self Buff', '/Images/Skills/Overflow.png');
INSERT INTO Skill (SkillName, ChampionName, Keybinding, Description, EnergyGain, Cooldown, EnergyCost, CastTime, SkillType, Image) VALUES ('Unstable Bubble', 'Pearl', 'LSHIFT + E', 'Spawn a bubble barrier at target location that slows enemy projectiles and anyone that enters the space. Explodes when the effect ends dealing 26 damage and knocking enemies back.', 0, 10, 25, 0.2, 'AoE', '/Images/Skills/Unstable_bubble.png');
INSERT INTO Skill (SkillName, ChampionName, Keybinding, Description, EnergyGain, Cooldown, EnergyCost, CastTime, SkillType, Image) VALUES ('Jaws', 'Pearl', 'F', 'Summon Jaws from the depths to devour enemies dealing 20 area damage. Devoured enemies are removed from battle until Jaws spews them out, dealing 20 damage to all enemies near the landing site. Can be recasted to redirect the landing site.', 0, 0, 100, 0.1, 'AoE', '/Images/Skills/Jaws.png');

INSERT INTO Skill (SkillName, ChampionName, Keybinding, Description, EnergyGain, Cooldown, EnergyCost, CastTime, SkillType, Image) VALUES ('Moth', 'Pestilus', 'LMB', 'Projectile Attack that deals 10 damage on enemy hit and heals 8 health on ally hit. Inflicts Moth and heals you for 3 health. Damage and healing done by Moth heal you for 6 health over 5 seconds.', 5, 0.25, 0, 0.3, 'Projectile', '/Images/Skills/Moth.png');
INSERT INTO Skill (SkillName, ChampionName, Keybinding, Description, EnergyGain, Cooldown, EnergyCost, CastTime, SkillType, Image) VALUES ('Bloodsucker', 'Pestilus', 'RMB', 'Projectile attack that deals 30 damage on enemy hit, heals 30 health on ally hit and deals 15 damage to self. Cannot deal lethal damage to self. Hitting a Queen with Bloodsucker kills it, without dealing any damage to self.', 10, 4, 0, 0.6, 'Projectile', '/Images/Skills/Bloodsucker.png');
INSERT INTO Skill (SkillName, ChampionName, Keybinding, Description, EnergyGain, Cooldown, EnergyCost, CastTime, SkillType, Image) VALUES ('Infest', 'Pestilus', 'SPACE', 'Lunge at enemies or allies to Infest them for up to 2s. Heals allies and self for 8 health. Infested enemies take 25% more damage and infested allies absorb 75% damage. Can be recasted to cancel the effect.', 10, 10, 0, 0.2, 'Mobility', '/Images/Skills/Infest.png');
INSERT INTO Skill (SkillName, ChampionName, Keybinding, Description, EnergyGain, Cooldown, EnergyCost, CastTime, SkillType, Image) VALUES ('Queen', 'Pestilus', 'Q', 'Summon a Queen that heals nearby allies for 16 health and 18 additional health over 5s. The Queen explodes after the duration, dealing 24 damage to nearby enemies. This effect does not occur if the Queen is killed by an enemy.', 0, 10, 0, 0.1, 'AoE, Summon', '/Images/Skills/Queen.png');
INSERT INTO Skill (SkillName, ChampionName, Keybinding, Description, EnergyGain, Cooldown, EnergyCost, CastTime, SkillType, Image) VALUES ('Arachnophobia', 'Pestilus', 'E', 'Throw a spider egg that breaks on impact inflicting Panic on all nearby enemies.', 5, 8, 0, 0.4, 'AoE', '/Images/Skills/Arachnophobia.png');
INSERT INTO Skill (SkillName, ChampionName, Keybinding, Description, EnergyGain, Cooldown, EnergyCost, CastTime, SkillType, Image) VALUES ('Swarm', 'Pestilus', 'R', 'Shield a target ally. Swarm absorbs up to 28 damage and spreads Moth to nearby enemies if destroyed by damage.', 0, 15, 25, 0.1, 'Shield', '/Images/Skills/Swarm.png');
INSERT INTO Skill (SkillName, ChampionName, Keybinding, Description, EnergyGain, Cooldown, EnergyCost, CastTime, SkillType, Image) VALUES ('Vomit', 'Pestilus', 'LSHIFT + RMB', 'Vomit upon enemies in front of you, dealing 8 damage and knocking enemies back. Inflicts Moth and Root.', 0, 4, 25, 0.2, 'Cleave', '/Images/Skills/Vomit.png');
INSERT INTO Skill (SkillName, ChampionName, Keybinding, Description, EnergyGain, Cooldown, EnergyCost, CastTime, SkillType, Image) VALUES ('Brain Bug', 'Pestilus', 'LSHIFT + E', 'Throw a Brain Bug that infests the enemy allowing you to control it\'s movement. Recasting this ability forces the target to run to the target location at 60% increased speed.', 0, 10, 25, 0.7, 'Projectile', '/Images/Skills/Brain_bug.png');
INSERT INTO Skill (SkillName, ChampionName, Keybinding, Description, EnergyGain, Cooldown, EnergyCost, CastTime, SkillType, Image) VALUES ('Scarab Pack', 'Pestilus', 'F', 'Summon and command 3 Scarabs to attack enemies or aid allies. A Scarab deals 26 damage on enemy hit and heals 26 health on ally hit. Scarabs stick to their target for a short duration. Damage and healing done by Scarabs heal self for 24 health.', 0, 1, 100, 0.6, 'Projectile', '/Images/Skills/Scarab_pack.png');

INSERT INTO Skill (SkillName, ChampionName, Keybinding, Description, EnergyGain, Cooldown, EnergyCost, CastTime, SkillType, Image) VALUES ('Soul Bolt', 'Poloma', 'LMB', 'Fire a Soul Bolt that deals 10 damage and inflicts Soul Bind on enemy hit. Heals 8 health and applies Spirit Link on ally hit.', 6, 0.2, 0, 0.3, 'Projectile', '/Images/Skills/Soul_bolt.png');
INSERT INTO Skill (SkillName, ChampionName, Keybinding, Description, EnergyGain, Cooldown, EnergyCost, CastTime, SkillType, Image) VALUES ('Other Side', 'Poloma', 'RMB', 'Send target ally into the spirit realm making them invulnerable and increases their movement speed by 40%. Heals self and nearby allies for 12 health when the effect ends.', 0, 12, 0, 0.1, 'Mobility', '/Images/Skills/Other_side.png');
INSERT INTO Skill (SkillName, ChampionName, Keybinding, Description, EnergyGain, Cooldown, EnergyCost, CastTime, SkillType, Image) VALUES ('Spirit Guide', 'Poloma', 'SPACE', 'Summon a Spirit Guide that heals an ally for 16 health or deals 12 damage and knocks an enemy back. Can be cast again to teleport to the spirit.', 7, 8, 0, 0.2, 'Projectile', '/Images/Skills/Spirit_guide.png');
INSERT INTO Skill (SkillName, ChampionName, Keybinding, Description, EnergyGain, Cooldown, EnergyCost, CastTime, SkillType, Image) VALUES ('Spirit Rift', 'Poloma', 'Q', 'Opens a rift that interrupts the next ability cast by nearby enemies. Inflicts Panic when an ability is interrupted. The panicked target runs at 15% increased movement speed.', 0, 10, 0, 0.1, 'AoE', '/Images/Skills/Spirit_rift.png');
INSERT INTO Skill (SkillName, ChampionName, Keybinding, Description, EnergyGain, Cooldown, EnergyCost, CastTime, SkillType, Image) VALUES ('Ghost Wolf', 'Poloma', 'E', 'Summon a Ghost Wolf that strikes up to 3 targets. Deals 20/16/12 damage and inflicts Soul Bind on each hit.', 5, 6, 0, 0.7, 'Projectile', '/Images/Skills/Ghost_wolf.png');
INSERT INTO Skill (SkillName, ChampionName, Keybinding, Description, EnergyGain, Cooldown, EnergyCost, CastTime, SkillType, Image) VALUES ('Pixie', 'Poloma', 'R', 'Summon a Pixie that mimics Soul Bolt. Mimicked Soul Bolts deals reduced damage and healing.', 0, 20, 25, 0.1, 'Summon', '/Images/Skills/Pixie.png');
INSERT INTO Skill (SkillName, ChampionName, Keybinding, Description, EnergyGain, Cooldown, EnergyCost, CastTime, SkillType, Image) VALUES ('Soul Transfer', 'Poloma', 'LSHIFT + SPACE', 'Summon a spirit that does 16 damage to enemies or heals 20 health to allies. You and the target swap locations on impact. Can be recast again to teleport to the spirit if no target is hit.', 0, 8, 25, 0.2, 'Projectile', '/Images/Skills/Soul_transfer.png');
INSERT INTO Skill (SkillName, ChampionName, Keybinding, Description, EnergyGain, Cooldown, EnergyCost, CastTime, SkillType, Image) VALUES ('Soul Drain', 'Poloma', 'LSHIFT + Q', 'Opens a rift that drains 15 health and interrupts the next ability cast by nearby enemies. Inflicts a 1.2s Panic when an interrupt is triggered. The panicked target runs at 15% increased movement speed.', 0, 10, 25, 0.1, 'AoE', '/Images/Skills/Soul_drain.png');
INSERT INTO Skill (SkillName, ChampionName, Keybinding, Description, EnergyGain, Cooldown, EnergyCost, CastTime, SkillType, Image) VALUES ('Ancestral Spirit', 'Poloma', 'F', 'Summon an Ancestral Spirit at target location. Deals 12 damage and inflicts Fading Snare to enemies and heals allies for 16 health. The spirit releases a second wave of energy after 2s that deals 36 damage and heals 24 health.', 0, 1, 100, 0.1, 'AoE', '/Images/Skills/Ancestral_spirit.png');

INSERT INTO Skill (SkillName, ChampionName, Keybinding, Description, EnergyGain, Cooldown, EnergyCost, CastTime, SkillType, Image) VALUES ('Crescent Strike', 'Sirius', 'LMB', 'Strike to deal 8 damage to an enemy. Deals 22 damage and inflicts Weaken if weapon is fully charged. Your weapon charges over time.', 5, 0, 0, 0.3, 'Melee', '/Images/Skills/Crescent_strike.png');
INSERT INTO Skill (SkillName, ChampionName, Keybinding, Description, EnergyGain, Cooldown, EnergyCost, CastTime, SkillType, Image) VALUES ('Sunlight', 'Sirius', 'RMB', 'Call down a beam of sunlight that heals the nearest ally for 14 health. Recharges faster for each nearby ally.', 6, 5, 0, 0.5, 'Heal', '/Images/Skills/Sunlight.png');
INSERT INTO Skill (SkillName, ChampionName, Keybinding, Description, EnergyGain, Cooldown, EnergyCost, CastTime, SkillType, Image) VALUES ('Celestial Split', 'Sirius', 'SPACE', 'Teleport to the target location dealing 10 damage to nearby enemies and healing nearby allies for 10 health.', 5, 9, 0, 0.1, 'Mobility', '/Images/Skills/Celestial_split.png');
INSERT INTO Skill (SkillName, ChampionName, Keybinding, Description, EnergyGain, Cooldown, EnergyCost, CastTime, SkillType, Image) VALUES ('Sunrise', 'Sirius', 'Q', 'Counter the next melee or projectile attack. Countering an attack teleports you to a new location, healing nearby allies for 12 health. Your weapon is also recharged.', 5, 9, 0, 0.1, 'Counter', '/Images/Skills/Sunrise.png');
INSERT INTO Skill (SkillName, ChampionName, Keybinding, Description, EnergyGain, Cooldown, EnergyCost, CastTime, SkillType, Image) VALUES ('Lunar Strike', 'Sirius', 'E', 'Petrifies all enemies at target location.', 5, 12, 0, 0.3, 'AoE', '/Images/Skills/Lunar_strike.png');
INSERT INTO Skill (SkillName, ChampionName, Keybinding, Description, EnergyGain, Cooldown, EnergyCost, CastTime, SkillType, Image) VALUES ('Prismatic Strike', 'Sirius', 'R', 'Dash forward and strike. Deals 18 damage and inflicts Fading Snare.', 0, 15, 25, 0.1, 'Mobility', '/Images/Skills/Prismatic_strike.png');
INSERT INTO Skill (SkillName, ChampionName, Keybinding, Description, EnergyGain, Cooldown, EnergyCost, CastTime, SkillType, Image) VALUES ('Crescent Gale', 'Sirius', 'LSHIFT + LMB', 'Launch a Crescent Gale that deals 24 damage and inflicts Snare.', 0, 0.5, 25, 0.7, 'Projectile', '/Images/Skills/Crescent_gale.png');
INSERT INTO Skill (SkillName, ChampionName, Keybinding, Description, EnergyGain, Cooldown, EnergyCost, CastTime, SkillType, Image) VALUES ('Celestial Rift', 'Sirius', 'LSHIFT + SPACE', 'Teleport to target location dealing 14 damage to nearby enemies and healing nearby allies for 14 health. Recharges your weapon.', 0, 9, 25, 0.1, 'Mobility', '/Images/Skills/Celestial_rift.png');
INSERT INTO Skill (SkillName, ChampionName, Keybinding, Description, EnergyGain, Cooldown, EnergyCost, CastTime, SkillType, Image) VALUES ('Astral Beam', 'Sirius', 'F', 'Channel a beam of light that deals 100 damage to enemies, heals allies for 100 health, and heals self for 50 health.', 0, 1, 100, 0.5, 'AoE', '/Images/Skills/Astral_beam.png');

INSERT INTO battlerite (BattleRiteName, ChampionName, Description, BattleRiteType, Image) VALUES ('Frozen Muse', 'Alysia', 'Whenever you inflict Freeze, your Frost Bolts are empowered for 3s. They deal 4 bonus damage and inflict Chill even on targets without Chill.', 'Control', 'https://d1u5p3l4wpay3k.cloudfront.net/battlerite_gamepedia_en/thumb/9/9b/Frost_Bolt_icon_big.png/120px-Frost_Bolt_icon_big.png?version=4bfebe2cf239f1b5c9621f7e2e037168');
INSERT INTO battlerite (BattleRiteName, ChampionName, Description, BattleRiteType, Image) VALUES ('Cryogenic Lance', 'Alysia', 'Ice Lance hits inflict Chill for 1s bonus duration and explodes on impact or reaching max range to inflict Chill for 2s on nearby enemies.', 'Control', 'https://d1u5p3l4wpay3k.cloudfront.net/battlerite_gamepedia_en/thumb/7/76/Ice_Lance_icon_big.png/120px-Ice_Lance_icon_big.png?version=8163c7f3508c3348ba9f357774a512fb');
INSERT INTO battlerite (BattleRiteName, ChampionName, Description, BattleRiteType, Image) VALUES ('Ice Breaker', 'Alysia', 'Ice Lance deals 3 bonus damage and breaks Freeze before dealing damage.', 'Offense', 'https://d1u5p3l4wpay3k.cloudfront.net/battlerite_gamepedia_en/thumb/7/76/Ice_Lance_icon_big.png/120px-Ice_Lance_icon_big.png?version=8163c7f3508c3348ba9f357774a512fb');
INSERT INTO battlerite (BattleRiteName, ChampionName, Description, BattleRiteType, Image) VALUES ('Piercing Cold', 'Alysia', 'Ice Lance pierces enemies and range is increased by 10%. Damage reduces by 30% per hit.', 'Offense', 'https://d1u5p3l4wpay3k.cloudfront.net/battlerite_gamepedia_en/thumb/7/76/Ice_Lance_icon_big.png/120px-Ice_Lance_icon_big.png?version=8163c7f3508c3348ba9f357774a512fb');
INSERT INTO battlerite (BattleRiteName, ChampionName, Description, BattleRiteType, Image) VALUES ('Frost Nova', 'Alysia', 'Arctic Wind blasts nearby enemies with a frost nova as you leap, inflicting Chill for 1.6s.', 'Control', 'https://d1u5p3l4wpay3k.cloudfront.net/battlerite_gamepedia_en/thumb/e/e7/Arctic_Wind_icon_big.png/120px-Arctic_Wind_icon_big.png?version=6cbee62b6f08498f81c882596db8d510');
INSERT INTO battlerite (BattleRiteName, ChampionName, Description, BattleRiteType, Image) VALUES ('Twirl', 'Alysia', 'Recast Arctic Wind to perform a short leap.', 'Mobility', 'https://d1u5p3l4wpay3k.cloudfront.net/battlerite_gamepedia_en/thumb/e/e7/Arctic_Wind_icon_big.png/120px-Arctic_Wind_icon_big.png?version=6cbee62b6f08498f81c882596db8d510');
INSERT INTO battlerite (BattleRiteName, ChampionName, Description, BattleRiteType, Image) VALUES ('Crystalline Lattice', 'Alysia', 'Glacial Prism absorbs up to 12 more damage and its explosion range is increased by 20%.', 'Support', 'https://d1u5p3l4wpay3k.cloudfront.net/battlerite_gamepedia_en/thumb/e/e8/Glacial_Prism_icon_big.png/120px-Glacial_Prism_icon_big.png?version=82c7f4f8cc7e9d42d8d677ccdedee56c');
INSERT INTO battlerite (BattleRiteName, ChampionName, Description, BattleRiteType, Image) VALUES ('Figure Skating', 'Alysia', 'Glacial Prism grants the target a 60% Fading Haste for 1.4s.', 'Mobility', 'https://d1u5p3l4wpay3k.cloudfront.net/battlerite_gamepedia_en/thumb/e/e8/Glacial_Prism_icon_big.png/120px-Glacial_Prism_icon_big.png?version=82c7f4f8cc7e9d42d8d677ccdedee56c');
INSERT INTO battlerite (BattleRiteName, ChampionName, Description, BattleRiteType, Image) VALUES ('Wintry Blast', 'Alysia', 'Glacial Prism deals 10 damage to nearby enemies when it explodes.', 'Offense', 'https://d1u5p3l4wpay3k.cloudfront.net/battlerite_gamepedia_en/thumb/e/e8/Glacial_Prism_icon_big.png/120px-Glacial_Prism_icon_big.png?version=82c7f4f8cc7e9d42d8d677ccdedee56c');
INSERT INTO battlerite (BattleRiteName, ChampionName, Description, BattleRiteType, Image) VALUES ('Arctic Cloak', 'Alysia', 'Hitting yourself with Flash Freeze applies Lesser Glacial Prism, absorbing up to 12 damage.', 'Survival', 'https://d1u5p3l4wpay3k.cloudfront.net/battlerite_gamepedia_en/thumb/4/4f/Flash_Freeze_icon_big.png/120px-Flash_Freeze_icon_big.png?version=89df15a9ddc8316c7b7fe266a4e3544c');
INSERT INTO battlerite (BattleRiteName, ChampionName, Description, BattleRiteType, Image) VALUES ('Blizzard', 'Alysia', 'Flash Freeze radius is increased by 20% and cooldown is reduced by 1s.', 'Utility', 'https://d1u5p3l4wpay3k.cloudfront.net/battlerite_gamepedia_en/thumb/4/4f/Flash_Freeze_icon_big.png/120px-Flash_Freeze_icon_big.png?version=89df15a9ddc8316c7b7fe266a4e3544c');
INSERT INTO battlerite (BattleRiteName, ChampionName, Description, BattleRiteType, Image) VALUES ('Snowstorm', 'Alysia', 'Flash Freeze impact leaves a lingering snowstorm that deals 15 damage and inflicts Chill over 2.5s. The damage affects targets with Freeze directly.', 'Offense', 'https://d1u5p3l4wpay3k.cloudfront.net/battlerite_gamepedia_en/thumb/4/4f/Flash_Freeze_icon_big.png/120px-Flash_Freeze_icon_big.png?version=89df15a9ddc8316c7b7fe266a4e3544c');
INSERT INTO battlerite (BattleRiteName, ChampionName, Description, BattleRiteType, Image) VALUES ('Vandalism', 'Alysia', 'You can break your own Ice Crown with a single Frost Bolt, consuming the bolt in the process to launch the cone of icicles.', 'Offense', 'https://d1u5p3l4wpay3k.cloudfront.net/battlerite_gamepedia_en/thumb/4/4a/Ice_Crown_icon_big.png/120px-Ice_Crown_icon_big.png?version=64614fb4f39149625837a1122c735a87');
INSERT INTO battlerite (BattleRiteName, ChampionName, Description, BattleRiteType, Image) VALUES ('Permafrost', 'Alysia', 'Frozen Gallery inflicts Chill for 4s to all enemies in the area after cast and Freeze duration is increased from 3s to 4s.', 'Control', 'https://d1u5p3l4wpay3k.cloudfront.net/battlerite_gamepedia_en/thumb/f/fc/Frozen_Gallery_icon_big.png/120px-Frozen_Gallery_icon_big.png?version=14f9144c11e8de0bd857e353cf0ff230');
INSERT INTO battlerite (BattleRiteName, ChampionName, Description, BattleRiteType, Image) VALUES ('Agility', 'Alysia', 'Increases movement speed by 10%.', 'Mobility', 'https://d1u5p3l4wpay3k.cloudfront.net/battlerite_gamepedia_en/thumb/9/99/Agility_icon_big.png/120px-Agility_icon_big.png?version=a4cdcec8ed57db7ee29a0b0c6985adb8');
INSERT INTO battlerite (BattleRiteName, ChampionName, Description, BattleRiteType, Image) VALUES ('Inspiration', 'Alysia', 'Increases your maximum energy by 25% and energy gained from abilities is increased by 10%', 'Utility', 'https://d1u5p3l4wpay3k.cloudfront.net/battlerite_gamepedia_en/thumb/6/63/Inspiration_icon_big.png/120px-Inspiration_icon_big.png?version=e37319db372404987e3c2dcd42fde116');

INSERT INTO battlerite (BattleRiteName, ChampionName, Description, BattleRiteType, Image) VALUES ('Wild Fire', 'Ashka', 'Fire Storm bolts deal 2 additional damage and inflict Ignite on nearby enemies.', 'Offense', 'https://d1u5p3l4wpay3k.cloudfront.net/battlerite_gamepedia_en/thumb/7/7d/Fire_Storm_icon_big.png/120px-Fire_Storm_icon_big.png?version=7f43429198eb2be64198a71157b20d1c');
INSERT INTO battlerite (BattleRiteName, ChampionName, Description, BattleRiteType, Image) VALUES ('Blaze', 'Ashka', 'Searing Flight increases movement speed by 30% for 2s and your next fireball inflicts Ignite.', 'Mobility', 'https://d1u5p3l4wpay3k.cloudfront.net/battlerite_gamepedia_en/thumb/9/9c/Searing_Flight_icon_big.png/120px-Searing_Flight_icon_big.png?version=117c09ccd6a71ccf561bea73505a4399');
INSERT INTO battlerite (BattleRiteName, ChampionName, Description, BattleRiteType, Image) VALUES ('Knockout', 'Ashka', 'Molten Fist knockback force is increased by 30%, knocking an enemy into a wall inflicts a 1.2s Stun.', 'Control', 'https://d1u5p3l4wpay3k.cloudfront.net/battlerite_gamepedia_en/thumb/8/8a/Molten_Fist_icon_big.png/120px-Molten_Fist_icon_big.png?version=fa139eb0228d567a8af1573e703367a8');
INSERT INTO battlerite (BattleRiteName, ChampionName, Description, BattleRiteType, Image) VALUES ('Heat', 'Ashka', 'Fire Storm can be cast while moving at 45% move speed.', 'Mobility', 'https://d1u5p3l4wpay3k.cloudfront.net/battlerite_gamepedia_en/thumb/7/7d/Fire_Storm_icon_big.png/120px-Fire_Storm_icon_big.png?version=7f43429198eb2be64198a71157b20d1c');
INSERT INTO battlerite (BattleRiteName, ChampionName, Description, BattleRiteType, Image) VALUES ('Inferno', 'Ashka', 'Flamestrike deals 8 bonus damage and inflicts Ignite.', 'Offense', 'https://d1u5p3l4wpay3k.cloudfront.net/battlerite_gamepedia_en/thumb/d/d6/Flamestrike_icon_big.png/120px-Flamestrike_icon_big.png?version=bb5d5aabc1b277fdc4e8738fb24bd3fc');
INSERT INTO battlerite (BattleRiteName, ChampionName, Description, BattleRiteType, Image) VALUES ('Fire Ward', 'Ashka', 'Searing Flight grants a Shield absorbing 12 damage lasting up to 3s.', 'Survival', 'https://d1u5p3l4wpay3k.cloudfront.net/battlerite_gamepedia_en/thumb/9/9c/Searing_Flight_icon_big.png/120px-Searing_Flight_icon_big.png?version=117c09ccd6a71ccf561bea73505a4399');
INSERT INTO battlerite (BattleRiteName, ChampionName, Description, BattleRiteType, Image) VALUES ('Living Flame', 'Ashka', 'Fireball & Fire Storm bolts heal you for 2 health when hitting a target affected by Ignite.', 'Survival', 'https://d1u5p3l4wpay3k.cloudfront.net/battlerite_gamepedia_en/archive/4/4e/20161111164216%21Fireball_icon.png?version=6a1af19224f773c17fa420aba478dc89');
INSERT INTO battlerite (BattleRiteName, ChampionName, Description, BattleRiteType, Image) VALUES ('Lava Punch', 'Ashka', 'Molten Fist cooldown is reduced by 1.5s and hitting an enemy further reduces the cooldown by 2s.', 'Control', 'https://d1u5p3l4wpay3k.cloudfront.net/battlerite_gamepedia_en/thumb/8/8a/Molten_Fist_icon_big.png/120px-Molten_Fist_icon_big.png?version=fa139eb0228d567a8af1573e703367a8');
INSERT INTO battlerite (BattleRiteName, ChampionName, Description, BattleRiteType, Image) VALUES ('Conflagration', 'Ashka', 'Fireballs traveling through Firewall turn into Fire Storm bolts.', 'Offense', 'https://d1u5p3l4wpay3k.cloudfront.net/battlerite_gamepedia_en/thumb/1/14/Firewall_icon_big.png/120px-Firewall_icon_big.png?version=b591d4d0142e7b897bc0f0bb6c815eb6');
INSERT INTO battlerite (BattleRiteName, ChampionName, Description, BattleRiteType, Image) VALUES ('Burn Burn Burn', 'Ashka', 'Fireballs deals 1 bonus damage to targets affected by Ignite.', 'Offense', 'https://d1u5p3l4wpay3k.cloudfront.net/battlerite_gamepedia_en/archive/4/4e/20161111164216%21Fireball_icon.png?version=6a1af19224f773c17fa420aba478dc89');
INSERT INTO battlerite (BattleRiteName, ChampionName, Description, BattleRiteType, Image) VALUES ('Eruption', 'Ashka', 'The radius of Flamestrike is increased by 15%.', 'Mixed', 'https://d1u5p3l4wpay3k.cloudfront.net/battlerite_gamepedia_en/thumb/d/d6/Flamestrike_icon_big.png/120px-Flamestrike_icon_big.png?version=bb5d5aabc1b277fdc4e8738fb24bd3fc');
INSERT INTO battlerite (BattleRiteName, ChampionName, Description, BattleRiteType, Image) VALUES ('Magma', 'Ashka', 'Ignite reduces target\'s movement speed by 14%.', 'Control', 'https://d1u5p3l4wpay3k.cloudfront.net/battlerite_gamepedia_en/thumb/9/9a/Molten_Chains_icon_big.png/120px-Molten_Chains_icon_big.png?version=70a72eabdce87fae6f97b0b9b6df9649');
INSERT INTO battlerite (BattleRiteName, ChampionName, Description, BattleRiteType, Image) VALUES ('Raging Fire', 'Ashka', 'When Infernal Scorch ends you turn into Pure Fire causing your Fireballs to turn into Fire Storm bolts for the next 3s.', 'Offense', 'https://d1u5p3l4wpay3k.cloudfront.net/battlerite_gamepedia_en/thumb/1/1d/Infernal_Scorch_icon_big.png/120px-Infernal_Scorch_icon_big.png?version=c84e6fc4dbfa06d19e555e01a09368d3');
INSERT INTO battlerite (BattleRiteName, ChampionName, Description, BattleRiteType, Image) VALUES ('Everlasting Fire', 'Ashka', 'When Infernal Scorch ends you transform into Pure Fire causing your Fireballs to heal you over the next 3s.', 'Survival', 'https://d1u5p3l4wpay3k.cloudfront.net/battlerite_gamepedia_en/thumb/1/1d/Infernal_Scorch_icon_big.png/120px-Infernal_Scorch_icon_big.png?version=c84e6fc4dbfa06d19e555e01a09368d3');

INSERT INTO battlerite (BattleRiteName, ChampionName, Description, BattleRiteType, Image) VALUES ('Disruption', 'Ezmo', 'Chaos Grip Silences target hit for 0.5s to 1s depending on charge-up.', 'Control', 'https://d1u5p3l4wpay3k.cloudfront.net/battlerite_gamepedia_en/thumb/7/73/Chaos_Grip_icon_big.png/120px-Chaos_Grip_icon_big.png?version=e4f09efde258738caeefa09638d394ff');
INSERT INTO battlerite (BattleRiteName, ChampionName, Description, BattleRiteType, Image) VALUES ('Arcane Barrage', 'Ezmo', 'Recasting Arcane Barrier consumes all weapon charges to fire a projectile. For each weapon charge consumed the projectile deals 5 damage and heals you for 6 health.', 'Survival', 'https://d1u5p3l4wpay3k.cloudfront.net/battlerite_gamepedia_en/thumb/f/fb/Arcane_Barrier_icon_big.png/120px-Arcane_Barrier_icon_big.png?version=8fdeaab8091bced95e9701285d7a90b3');
INSERT INTO battlerite (BattleRiteName, ChampionName, Description, BattleRiteType, Image) VALUES ('Wreak Havoc', 'Ezmo', 'Displace increases your Arcane Fire attack speed by 30% for 2s and grants 1 bonus weapon charge.', 'Offense', 'https://d1u5p3l4wpay3k.cloudfront.net/battlerite_gamepedia_en/thumb/b/b4/Displace_icon_big.png/120px-Displace_icon_big.png?version=41e82a9ec3eea443c27969fc9f8b22c2');
INSERT INTO battlerite (BattleRiteName, ChampionName, Description, BattleRiteType, Image) VALUES ('Undermine', 'Ezmo', 'Shackle reduces target\'s damage and healing output by 50% for 3s.', 'Support', 'https://d1u5p3l4wpay3k.cloudfront.net/battlerite_gamepedia_en/thumb/a/ab/Shackle_icon_big.png/120px-Shackle_icon_big.png?version=30f2645a10c2f767eafaecbb0709ebc7');
INSERT INTO battlerite (BattleRiteName, ChampionName, Description, BattleRiteType, Image) VALUES ('Whizz', 'Ezmo', 'Using Displace grants a 60% Fading Haste that lasts 2s.', 'Mobility', 'https://d1u5p3l4wpay3k.cloudfront.net/battlerite_gamepedia_en/thumb/b/b4/Displace_icon_big.png/120px-Displace_icon_big.png?version=41e82a9ec3eea443c27969fc9f8b22c2');
INSERT INTO battlerite (BattleRiteName, ChampionName, Description, BattleRiteType, Image) VALUES ('Warlock\'s Grip', 'Ezmo', 'Chaos Grip range increases by up to 25% when fully charged.', 'Utility', 'https://d1u5p3l4wpay3k.cloudfront.net/battlerite_gamepedia_en/thumb/7/73/Chaos_Grip_icon_big.png/120px-Chaos_Grip_icon_big.png?version=e4f09efde258738caeefa09638d394ff');
INSERT INTO battlerite (BattleRiteName, ChampionName, Description, BattleRiteType, Image) VALUES ('Bolted', 'Ezmo', 'Landing Shackle on an enemy increases your Arcane Fire range by 50% until your next recharge.', 'Offense', 'https://d1u5p3l4wpay3k.cloudfront.net/battlerite_gamepedia_en/thumb/a/ab/Shackle_icon_big.png/120px-Shackle_icon_big.png?version=30f2645a10c2f767eafaecbb0709ebc7');
INSERT INTO battlerite (BattleRiteName, ChampionName, Description, BattleRiteType, Image) VALUES ('Spell Eater', 'Ezmo', 'You gain double amount of charges when absorbing attacks with Arcane Barrier and you recover 4 health for every charge gained.', 'Survival', 'https://d1u5p3l4wpay3k.cloudfront.net/battlerite_gamepedia_en/thumb/f/fb/Arcane_Barrier_icon_big.png/120px-Arcane_Barrier_icon_big.png?version=8fdeaab8091bced95e9701285d7a90b3');
INSERT INTO battlerite (BattleRiteName, ChampionName, Description, BattleRiteType, Image) VALUES ('Exhaust', 'Ezmo', 'Landing 3 consecutive Arcane Fires inflicts a 1.2s Fading Snare.', 'Control', 'https://d1u5p3l4wpay3k.cloudfront.net/battlerite_gamepedia_en/thumb/e/e3/Arcane_Fire_icon_big.png/120px-Arcane_Fire_icon_big.png?version=5db0d9ced7571005d919c0e942a69f67');
INSERT INTO battlerite (BattleRiteName, ChampionName, Description, BattleRiteType, Image) VALUES ('Imp Rush', 'Ezmo', 'Arcane Barrier increases your movement speed by 50%.', 'Mobility', 'https://d1u5p3l4wpay3k.cloudfront.net/battlerite_gamepedia_en/thumb/f/fb/Arcane_Barrier_icon_big.png/120px-Arcane_Barrier_icon_big.png?version=8fdeaab8091bced95e9701285d7a90b3');
INSERT INTO battlerite (BattleRiteName, ChampionName, Description, BattleRiteType, Image) VALUES ('Arcane Energy', 'Ezmo', 'Maximum Energy is increased by 25% and Arcane Fire hits grant 1% bonus energy.', 'Utility', 'https://d1u5p3l4wpay3k.cloudfront.net/battlerite_gamepedia_en/thumb/e/e3/Arcane_Fire_icon_big.png/120px-Arcane_Fire_icon_big.png?version=5db0d9ced7571005d919c0e942a69f67');
INSERT INTO battlerite (BattleRiteName, ChampionName, Description, BattleRiteType, Image) VALUES ('Face Melt', 'Ezmo', 'Arcane Fire deals 3 bonus damage to enemies rooted by Shackle.', 'Offense', 'https://d1u5p3l4wpay3k.cloudfront.net/battlerite_gamepedia_en/thumb/a/ab/Shackle_icon_big.png/120px-Shackle_icon_big.png?version=30f2645a10c2f767eafaecbb0709ebc7');
INSERT INTO battlerite (BattleRiteName, ChampionName, Description, BattleRiteType, Image) VALUES ('Power Leash', 'Ezmo', 'Grimoire of Chaos leashes on to you restoring 5 weapon charges over 2s.', 'Offense', 'https://d1u5p3l4wpay3k.cloudfront.net/battlerite_gamepedia_en/thumb/3/31/Grimoire_of_Chaos_icon_big.png/120px-Grimoire_of_Chaos_icon_big.png?version=033b4e99a3e393635f292ee758e5e208');
INSERT INTO battlerite (BattleRiteName, ChampionName, Description, BattleRiteType, Image) VALUES ('Life Leash', 'Ezmo', 'Grimoire of Chaos leashes on to nearby allies healing them for 10 health per second.', 'Support', 'https://d1u5p3l4wpay3k.cloudfront.net/battlerite_gamepedia_en/thumb/3/31/Grimoire_of_Chaos_icon_big.png/120px-Grimoire_of_Chaos_icon_big.png?version=033b4e99a3e393635f292ee758e5e208');

INSERT INTO battlerite (BattleRiteName, ChampionName, Description, BattleRiteType, Image) VALUES ('Stockpile', 'Iva', 'ROCKET X-67 gain 1 ability charge.', 'Offense', 'https://d1u5p3l4wpay3k.cloudfront.net/battlerite_gamepedia_en/thumb/b/b7/ROCKET_X-67_icon_big.png/120px-ROCKET_X-67_icon_big.png?version=320573915ba4cfd8973a7486dc638357');
INSERT INTO battlerite (BattleRiteName, ChampionName, Description, BattleRiteType, Image) VALUES ('U-Turn', 'Iva', 'After using Jet Pack you can re-activate it to fly back.', 'Utility', 'https://d1u5p3l4wpay3k.cloudfront.net/battlerite_gamepedia_en/thumb/6/6e/Jet_Pack_icon_big.png/120px-Jet_Pack_icon_big.png?version=ddd74d9f9087fb9863c8a7a0d7965145');
INSERT INTO battlerite (BattleRiteName, ChampionName, Description, BattleRiteType, Image) VALUES ('Conductor', 'Iva', 'Tazer bounces towards an additional target.', 'Control', 'https://d1u5p3l4wpay3k.cloudfront.net/battlerite_gamepedia_en/thumb/3/30/Tazer_icon_big.png/120px-Tazer_icon_big.png?version=dd2e55872b444dc29ed52707e5c8f167');
INSERT INTO battlerite (BattleRiteName, ChampionName, Description, BattleRiteType, Image) VALUES ('Heavy Rocket', 'Iva', 'Direct ROCKET X-67 hits deal 4 bonus damage and inflict a 1s Fading Snare.', 'Control', 'https://d1u5p3l4wpay3k.cloudfront.net/battlerite_gamepedia_en/thumb/b/b7/ROCKET_X-67_icon_big.png/120px-ROCKET_X-67_icon_big.png?version=320573915ba4cfd8973a7486dc638357');
INSERT INTO battlerite (BattleRiteName, ChampionName, Description, BattleRiteType, Image) VALUES ('Oil Blaster', 'Iva', 'Your next Boomstick after using Jet Pack inflicts Oil.', 'Mixed', 'https://d1u5p3l4wpay3k.cloudfront.net/battlerite_gamepedia_en/thumb/6/6e/Jet_Pack_icon_big.png/120px-Jet_Pack_icon_big.png?version=ddd74d9f9087fb9863c8a7a0d7965145');
INSERT INTO battlerite (BattleRiteName, ChampionName, Description, BattleRiteType, Image) VALUES ('Blast Shield', 'Iva', 'Zap knocks nearby enemies back and haste bonus increases by 30%.', 'Support', 'https://d1u5p3l4wpay3k.cloudfront.net/battlerite_gamepedia_en/thumb/3/36/Zap_icon_big.png/120px-Zap_icon_big.png?version=8cdf89adac36e6931ec25980dc40d99e');
INSERT INTO battlerite (BattleRiteName, ChampionName, Description, BattleRiteType, Image) VALUES ('Hyperspeed', 'Iva', 'Zap increases your Boomstick attack speed by 25%.', 'Offense', 'https://d1u5p3l4wpay3k.cloudfront.net/battlerite_gamepedia_en/thumb/3/36/Zap_icon_big.png/120px-Zap_icon_big.png?version=8cdf89adac36e6931ec25980dc40d99e');
INSERT INTO battlerite (BattleRiteName, ChampionName, Description, BattleRiteType, Image) VALUES ('Rocket Boosters', 'Iva', 'Jet Pack increases movement speed by 60% for 2s.', 'Mobility', 'https://d1u5p3l4wpay3k.cloudfront.net/battlerite_gamepedia_en/thumb/6/6e/Jet_Pack_icon_big.png/120px-Jet_Pack_icon_big.png?version=ddd74d9f9087fb9863c8a7a0d7965145');
INSERT INTO battlerite (BattleRiteName, ChampionName, Description, BattleRiteType, Image) VALUES ('Tractor Pulse', 'Iva', 'Tractor Beam stuns all enemies caught in the beam for 0.8s when the effect ends and cooldown is reduced by 3s.', 'Control', 'https://d1u5p3l4wpay3k.cloudfront.net/battlerite_gamepedia_en/7/74/Tractor_Beam_icon.png?version=9ce8baf16cc0e81b60008735b1f262fc');
INSERT INTO battlerite (BattleRiteName, ChampionName, Description, BattleRiteType, Image) VALUES ('Durable Shield', 'Iva', 'Zap absorbs 12 more damage.', 'Support', 'https://d1u5p3l4wpay3k.cloudfront.net/battlerite_gamepedia_en/thumb/3/36/Zap_icon_big.png/120px-Zap_icon_big.png?version=8cdf89adac36e6931ec25980dc40d99e');
INSERT INTO battlerite (BattleRiteName, ChampionName, Description, BattleRiteType, Image) VALUES ('Electrocution', 'Iva', 'Tazer deals 8 damage when triggered.', 'Offense', 'https://d1u5p3l4wpay3k.cloudfront.net/battlerite_gamepedia_en/thumb/3/30/Tazer_icon_big.png/120px-Tazer_icon_big.png?version=dd2e55872b444dc29ed52707e5c8f167');
INSERT INTO battlerite (BattleRiteName, ChampionName, Description, BattleRiteType, Image) VALUES ('Gunge', 'Iva', 'Oil further reduces movement speed by 10% and duration increases by 1s.', 'Control', 'https://d1u5p3l4wpay3k.cloudfront.net/battlerite_gamepedia_en/thumb/e/ec/Gunge_icon_big.png/120px-Gunge_icon_big.png?version=021ae3fa3ba0c54bb8b5a5ccdd9a7f2b');
INSERT INTO battlerite (BattleRiteName, ChampionName, Description, BattleRiteType, Image) VALUES ('Stability', 'Iva', 'Machine Gun grants a shield that absorbs up to 30 damage lasting 2.7s.', 'Survival', 'https://d1u5p3l4wpay3k.cloudfront.net/battlerite_gamepedia_en/thumb/1/13/Machine_Gun_icon_big.png/120px-Machine_Gun_icon_big.png?version=e04c623893aef35ef0076e2556636b44');
INSERT INTO battlerite (BattleRiteName, ChampionName, Description, BattleRiteType, Image) VALUES ('All Systems Operational', 'Iva', 'Machine Gun inflicts Oil on all nearby enemies and launches a ROCKET X-67 after firing the last bullet.', 'Offense', 'https://d1u5p3l4wpay3k.cloudfront.net/battlerite_gamepedia_en/thumb/1/13/Machine_Gun_icon_big.png/120px-Machine_Gun_icon_big.png?version=e04c623893aef35ef0076e2556636b44');

INSERT INTO battlerite (BattleRiteName, ChampionName, Description, BattleRiteType, Image) VALUES ('Ambush', 'Jade', 'Stealth resets the cooldown of Snipe and stealth duration increases by 0.3s.', 'Offense', 'https://d1u5p3l4wpay3k.cloudfront.net/battlerite_gamepedia_en/thumb/a/ae/Snipe_icon_big.png/120px-Snipe_icon_big.png?version=9ed9247080553560f5f170d003b48dc9');
INSERT INTO battlerite (BattleRiteName, ChampionName, Description, BattleRiteType, Image) VALUES ('Outlaw', 'Jade', 'Blast Vault causes you to enter a 1.6s Stealth.', 'Survival', 'https://d1u5p3l4wpay3k.cloudfront.net/battlerite_gamepedia_en/thumb/2/21/Blast_Vault_icon_big.png/120px-Blast_Vault_icon_big.png?version=3259dea6dc18ca8809cbd17c27de2d42');
INSERT INTO battlerite (BattleRiteName, ChampionName, Description, BattleRiteType, Image) VALUES ('Cheap Shot', 'Jade', 'Disabling Shot roots the target for 1s.', 'Control', 'https://d1u5p3l4wpay3k.cloudfront.net/battlerite_gamepedia_en/thumb/1/1d/Disabling_Shot_icon_big.png/120px-Disabling_Shot_icon_big.png?version=8acf52a2c6a056f3f9cbbba3a890d998');
INSERT INTO battlerite (BattleRiteName, ChampionName, Description, BattleRiteType, Image) VALUES ('Desperado', 'Jade', 'Landing Disabling Shot instantly reloads Revolver Shot with 6 ammo.', 'Offense', 'https://d1u5p3l4wpay3k.cloudfront.net/battlerite_gamepedia_en/thumb/1/1d/Disabling_Shot_icon_big.png/120px-Disabling_Shot_icon_big.png?version=8acf52a2c6a056f3f9cbbba3a890d998');
INSERT INTO battlerite (BattleRiteName, ChampionName, Description, BattleRiteType, Image) VALUES ('Through the Shadows', 'Jade', 'Stealth Haste bonus increases by 25%.', 'Mobility', 'https://d1u5p3l4wpay3k.cloudfront.net/battlerite_gamepedia_en/thumb/3/33/Stealth_icon_big.png/120px-Stealth_icon_big.png?version=07aca69efa15452cad9869f26b3539f6');
INSERT INTO battlerite (BattleRiteName, ChampionName, Description, BattleRiteType, Image) VALUES ('Concussion Bomb', 'Jade', 'Blast Vault stun duration is increased by 0.75s.', 'Control', 'https://d1u5p3l4wpay3k.cloudfront.net/battlerite_gamepedia_en/thumb/2/21/Blast_Vault_icon_big.png/120px-Blast_Vault_icon_big.png?version=3259dea6dc18ca8809cbd17c27de2d42');
INSERT INTO battlerite (BattleRiteName, ChampionName, Description, BattleRiteType, Image) VALUES ('Deadly Focus', 'Jade', 'Snipe deals 6 bonus damage.', 'Offense', 'https://d1u5p3l4wpay3k.cloudfront.net/battlerite_gamepedia_en/thumb/a/ae/Snipe_icon_big.png/120px-Snipe_icon_big.png?version=9ed9247080553560f5f170d003b48dc9');
INSERT INTO battlerite (BattleRiteName, ChampionName, Description, BattleRiteType, Image) VALUES ('Delight', 'Jade', 'Successful Disabling Shot interrupts heal you for 16 health.', 'Survival', 'https://d1u5p3l4wpay3k.cloudfront.net/battlerite_gamepedia_en/thumb/1/1d/Disabling_Shot_icon_big.png/120px-Disabling_Shot_icon_big.png?version=8acf52a2c6a056f3f9cbbba3a890d998');
INSERT INTO battlerite (BattleRiteName, ChampionName, Description, BattleRiteType, Image) VALUES ('Black Powder', 'Jade', 'Junk Shot knockback force is increased by 25% and knocking an enemy into a wall inflicts a 1.2s Stun.', 'Control', 'https://d1u5p3l4wpay3k.cloudfront.net/battlerite_gamepedia_en/thumb/8/86/Junk_Shot_icon_big.png/120px-Junk_Shot_icon_big.png?version=6b8538d337ee44a0a658a846854d2c11');
INSERT INTO battlerite (BattleRiteName, ChampionName, Description, BattleRiteType, Image) VALUES ('Gunslinger', 'Jade', 'Revolver Shot hits reduce the cooldown of Stealth by 0.35s.', 'Mixed', 'https://d1u5p3l4wpay3k.cloudfront.net/battlerite_gamepedia_en/thumb/3/33/Revolver_Shot_icon_big.png/120px-Revolver_Shot_icon_big.png?version=942be8f53c75bd39a06d181c3aee220e');
INSERT INTO battlerite (BattleRiteName, ChampionName, Description, BattleRiteType, Image) VALUES ('Agility', 'Jade', 'Increases movement speed by 10%.', 'Mobility', 'https://d1u5p3l4wpay3k.cloudfront.net/battlerite_gamepedia_en/thumb/9/99/Agility_icon_big.png/120px-Agility_icon_big.png?version=a4cdcec8ed57db7ee29a0b0c6985adb8');
INSERT INTO battlerite (BattleRiteName, ChampionName, Description, BattleRiteType, Image) VALUES ('Slayer', 'Jade', 'Deal 20% increased damage to targets below 30% health.', 'Offense', 'https://d1u5p3l4wpay3k.cloudfront.net/battlerite_gamepedia_en/thumb/f/fe/Slayer_icon_big.png/120px-Slayer_icon_big.png?version=36e1cf8a787193b2c1b37bc016d0a3c4');
INSERT INTO battlerite (BattleRiteName, ChampionName, Description, BattleRiteType, Image) VALUES ('Sovereign', 'Jade', 'While channeling Explosive Shells you take 75% less damage.', 'Survival', 'https://d1u5p3l4wpay3k.cloudfront.net/battlerite_gamepedia_en/thumb/f/fe/Explosive_Shells_icon_big.png/120px-Explosive_Shells_icon_big.png?version=e4b75bb1391c9656320948ed8a09bdc9');
INSERT INTO battlerite (BattleRiteName, ChampionName, Description, BattleRiteType, Image) VALUES ('Shrapnel', 'Jade', 'Explosive Shells projectiles inflict a 50% Snare for 1.5s.', 'Control', 'https://d1u5p3l4wpay3k.cloudfront.net/battlerite_gamepedia_en/thumb/f/fe/Explosive_Shells_icon_big.png/120px-Explosive_Shells_icon_big.png?version=e4b75bb1391c9656320948ed8a09bdc9');

INSERT INTO battlerite (BattleRiteName, ChampionName, Description, BattleRiteType, Image) VALUES ('Stockpile', 'Jumong', '', 'Control', 'https://d1u5p3l4wpay3k.cloudfront.net/battlerite_gamepedia_en/1/13/Steady_Shot_icon_big.png?version=ecb5b3038383b13f4ca9817e97ba4461');


INSERT INTO effect (EffectName, Description, EffectType) VALUES ('Stun', 'Stun is a form of "hard" crowd control that leaves the target in a state where they\'re unable to move or cast abilities until the end of the effect. Unlike incapacitate or petrify, stuns do not break upon receiving damage.','Hard');
INSERT INTO effect (EffectName, Description, EffectType) VALUES ('Incapacitate', 'Incapacitate is a form of "hard" crowd control that leaves the target in a state where they\'re unable to move or cast abilities until the end of the effect, or until damage is applied to the incapacitated target. Incapacitate effects generally last longer than stuns.','Hard');
INSERT INTO effect (EffectName, Description, EffectType) VALUES ('Petrify', 'Petrify is a form of "hard" crowd control that leaves the target in a state where they\'re unable to move or cast abilities, and gives them a shield. This status lasts until the end of the effect\'s duration, or until the initial shield that the target receives when petrified is broken. Petrify effects generally last longer than stuns.','Hard');
INSERT INTO effect (EffectName, Description, EffectType) VALUES ('Panic', 'Panic is a form of "hard" crowd control that forces the target to flee from the source of the panic, unable to cast abilities or direct their movement. Panic can also increase the movement speed of the target, potentially causing them to run a long distance before regaining control. Panic is broken when the duration ends, or once the target receives a specified amount of damage (like Petrify, but with no shield).','Hard');
INSERT INTO effect (EffectName, Description, EffectType) VALUES ('Root', 'Root is a form of "soft" crowd control that leave the target unable to move. The target can still cast abilities as normal, but cannot move for the duration of the root. The duration of the root varies by ability.','Soft');
INSERT INTO effect (EffectName, Description, EffectType) VALUES ('Snare', 'Stun is a form of "hard" crowd control that leaves the target in a state where they\'re unable to move or cast abilities until the end of the effect. Unlike incapacitate or petrify, stuns do not break upon receiving damage.','Soft');
INSERT INTO effect (EffectName, Description, EffectType) VALUES ('Fading Snare', 'Fading snares differ from "regular" snares in that the target\'s speed is reduced to 0 at the start of the effect (effectively applying Root), but the effect decays linearly over time, gradually restoring the target\'s speed over the duration of the debuff. The duration of a fading snare varies by ability.','Soft');
INSERT INTO effect (EffectName, Description, EffectType) VALUES ('Weaken', 'Weaken reduces the target\'s overall effectiveness by lowering their damage and healing output by a certain percentage. The percentage and duration of the weaken effect varies by ability.','Other');
INSERT INTO effect (EffectName, Description, EffectType) VALUES ('Silence', 'Fading snares differ from "regular" snares in that the target\'s speed is reduced to 0 at the start of the effect (effectively applying Root), but the effect decays linearly over time, gradually restoring the target\'s speed over the duration of the debuff. The duration of a fading snare varies by ability.','Soft');
INSERT INTO effect (EffectName, Description, EffectType) VALUES ('Blind', 'Reduces target vision to a small radius around the character.','Other');
INSERT INTO effect (EffectName, Description, EffectType) VALUES ('Fading Blind', 'Reduces target vision to a small radius around the character, with it being restored slowly over the duration of the debuff.','Other');






